candidate_id,run_id,stage,sample_role,S,ci_low,ci_high,E00,E01,E10,E11,retained_trials,rejected_trials,retention_rate,no_signalling_max_deviation,setting_source_mutual_information_bits,target_leakage_detected,post_selection_detected,verdict_labels
local_sanity_candidate,local_sanity_candidate_seed_7201,B1,candidate,0.0208333333333,0,0.136314386114,0.00173611111111,0.0121527777778,0.0225694444444,0.015625,4608,0,1,0,0,False,False,LOCAL_CANDIDATE_SANITY_PASS;LOCAL_BOUND_RECOVERED;CHSH_VIOLATION_NOT_DETECTED;NO_SIGNALLING_PASS;SETTING_INDEPENDENCE_PASS;CST_BELL_STATUS_OPEN;HAOS_DERIVATION_NOT_ESTABLISHED;NO_PHYSICAL_EXPERIMENT
haos_local_recoverability_candidate,haos_local_recoverability_candidate_seed_7201,B2,candidate,2,1.93912926061,2.06087073939,1,1,0.666666666667,0.666666666667,4608,0,1,0,0,False,False,LOCAL_BOUND_RECOVERED;CHSH_VIOLATION_NOT_DETECTED;NO_SIGNALLING_PASS;SETTING_INDEPENDENCE_PASS;CST_BELL_STATUS_OPEN;HAOS_DERIVATION_NOT_ESTABLISHED;NO_PHYSICAL_EXPERIMENT;MIXED / OPEN
haos_joint_closure_candidate,haos_joint_closure_candidate_seed_7201,B3,candidate,0.684027777778,0.57737253313,0.790683022425,0.357638888889,0.364583333333,0.385416666667,0.423611111111,4608,0,1,0,0,False,False,LOCAL_BOUND_RECOVERED;CHSH_VIOLATION_NOT_DETECTED;NO_SIGNALLING_PASS;SETTING_INDEPENDENCE_PASS;CST_BELL_STATUS_OPEN;HAOS_DERIVATION_NOT_ESTABLISHED;NO_PHYSICAL_EXPERIMENT
independent_random_control,independent_random_control_seed_7201,control,control,0.0451388888889,0,0.160614110042,0.03125,-0.00520833333333,0.0173611111111,-0.00173611111111,4608,0,1,0,0,False,False,LOCAL_BOUND_RECOVERED;CHSH_VIOLATION_NOT_DETECTED;NO_SIGNALLING_PASS;SETTING_INDEPENDENCE_PASS;CST_BELL_STATUS_OPEN;HAOS_DERIVATION_NOT_ESTABLISHED;NO_PHYSICAL_EXPERIMENT
deterministic_lhv_control,deterministic_lhv_control_seed_7201,control,control,0.0243055555556,0,0.13976998307,-0.00347222222222,-0.00347222222222,-0.0121527777778,-0.0434027777778,4608,0,1,0,0,False,False,LOCAL_BOUND_RECOVERED;CHSH_VIOLATION_NOT_DETECTED;NO_SIGNALLING_PASS;SETTING_INDEPENDENCE_PASS;CST_BELL_STATUS_OPEN;HAOS_DERIVATION_NOT_ESTABLISHED;NO_PHYSICAL_EXPERIMENT
shared_randomness_local_control,shared_randomness_local_control_seed_7201,control,control,2,2,2,-1,-1,1,1,4608,0,1,0,0,False,False,LOCAL_BOUND_RECOVERED;CHSH_VIOLATION_NOT_DETECTED;NO_SIGNALLING_PASS;SETTING_INDEPENDENCE_PASS;CST_BELL_STATUS_OPEN;HAOS_DERIVATION_NOT_ESTABLISHED;NO_PHYSICAL_EXPERIMENT
source_setting_leakage_positive_control,source_setting_leakage_positive_control_seed_7201,invalid_control,invalid_positive_control,2,1.93912926061,2.06087073939,1,1,0.666666666667,0.666666666667,4608,0,1,0,2,False,False,LOCAL_BOUND_RECOVERED;CHSH_VIOLATION_NOT_DETECTED;NO_SIGNALLING_PASS;SETTING_INDEPENDENCE_FAIL;CST_BELL_STATUS_OPEN;HAOS_DERIVATION_NOT_ESTABLISHED;NO_PHYSICAL_EXPERIMENT
post_selection_positive_control,post_selection_positive_control_seed_7201,invalid_control,invalid_positive_control,4,4,4,1,1,1,-1,2318,2290,0.503038194444,0.012557468099,0.00607005722535,False,True,CHSH_VIOLATION_DETECTED;NO_SIGNALLING_PASS;SETTING_INDEPENDENCE_FAIL;POST_SELECTION_DETECTED;CST_BELL_STATUS_OPEN;HAOS_DERIVATION_NOT_ESTABLISHED;NO_PHYSICAL_EXPERIMENT
label_permutation_control,label_permutation_control_seed_7201,control,control,2,1.93912926061,2.06087073939,0.666666666667,1,1,0.666666666667,4608,0,1,0.166666666667,0,False,False,LOCAL_BOUND_RECOVERED;CHSH_VIOLATION_NOT_DETECTED;NO_SIGNALLING_FAIL;SETTING_INDEPENDENCE_PASS;CST_BELL_STATUS_OPEN;HAOS_DERIVATION_NOT_ESTABLISHED;NO_PHYSICAL_EXPERIMENT
setting_permutation_control,setting_permutation_control_seed_7201,control,control,1.77777777778,1.71425925926,1.8412962963,0.888888888889,0.777777777778,0.888888888889,0.777777777778,4608,0,1,0.166666666667,0.0272347219818,False,False,LOCAL_BOUND_RECOVERED;CHSH_VIOLATION_NOT_DETECTED;NO_SIGNALLING_FAIL;SETTING_INDEPENDENCE_FAIL;CST_BELL_STATUS_OPEN;HAOS_DERIVATION_NOT_ESTABLISHED;NO_PHYSICAL_EXPERIMENT
