hierarchy_label,level_id,n_side,h,ensemble_size,seed,tau,low_mode_occupancy,single_mode_baseline_occupancy,low_mode_occupancy_ratio_vs_single,spectral_distortion_vs_single
frozen_branch,n48,48,0.020833333333,3,1301,0.0,0.450124743222,0.320037906875,1.406473213181,0.406473213181
frozen_branch,n48,48,0.020833333333,3,1301,0.4,0.470147032477,0.339106687946,1.386428074671,0.386428074671
frozen_branch,n48,48,0.020833333333,3,1301,0.8,0.487976779636,0.357539988621,1.364817349573,0.364817349573
frozen_branch,n48,48,0.020833333333,3,1301,1.2,0.503794502788,0.375326809514,1.342282219168,0.342282219168
frozen_branch,n48,48,0.020833333333,3,1301,1.6,0.517788415007,0.392461968186,1.319333991521,0.319333991521
frozen_branch,n48,48,0.020833333333,3,1301,2.0,0.530142480482,0.408944885159,1.296366575845,0.296366575845
frozen_branch,n48,48,0.020833333333,3,1301,2.4,0.541029310789,0.424778623432,1.273673581824,0.273673581824
frozen_branch,n48,48,0.020833333333,3,1301,3.0,0.554948858466,0.447325652534,1.240592519839,0.240592519839
frozen_branch,n48,48,0.020833333333,3,1301,3.6,0.566381450603,0.468455034305,1.209041229417,0.209041229417
frozen_branch,n48,48,0.020833333333,3,1301,4.2,0.575711695779,0.488203913082,1.179244328758,0.179244328758
frozen_branch,n48,48,0.020833333333,3,1302,0.0,0.246588681077,0.320037906875,0.770498355914,-0.229501644086
frozen_branch,n48,48,0.020833333333,3,1302,0.4,0.260741082508,0.339106687946,0.768905750833,-0.231094249167
frozen_branch,n48,48,0.020833333333,3,1302,0.8,0.27418451083,0.357539988621,0.766863902099,-0.233136097901
frozen_branch,n48,48,0.020833333333,3,1302,1.2,0.286885515767,0.375326809514,0.76436190673,-0.23563809327
frozen_branch,n48,48,0.020833333333,3,1302,1.6,0.298822641618,0.392461968186,0.761405348394,-0.238594651606
frozen_branch,n48,48,0.020833333333,3,1302,2.0,0.309985251033,0.408944885159,0.758012295257,-0.241987704743
frozen_branch,n48,48,0.020833333333,3,1302,2.4,0.320372170749,0.424778623432,0.754209729672,-0.245790270328
frozen_branch,n48,48,0.020833333333,3,1302,3.0,0.33451500154,0.447325652534,0.747810906093,-0.252189093907
frozen_branch,n48,48,0.020833333333,3,1302,3.6,0.346979263899,0.468455034305,0.740688515416,-0.259311484584
frozen_branch,n48,48,0.020833333333,3,1302,4.2,0.357838467976,0.488203913082,0.732969274493,-0.267030725507
frozen_branch,n48,48,0.020833333333,3,1303,0.0,0.113680534423,0.320037906875,0.355209592305,-0.644790407695
frozen_branch,n48,48,0.020833333333,3,1303,0.4,0.12057499941,0.339106687946,0.355566562665,-0.644433437335
frozen_branch,n48,48,0.020833333333,3,1303,0.8,0.12726228038,0.357539988621,0.35593859269,-0.64406140731
frozen_branch,n48,48,0.020833333333,3,1303,1.2,0.133738084541,0.375326809514,0.356324358267,-0.643675641733
frozen_branch,n48,48,0.020833333333,3,1303,1.6,0.13999955734,0.392461968186,0.356721335284,-0.643278664716
frozen_branch,n48,48,0.020833333333,3,1303,2.0,0.146044818628,0.408944885159,0.357125920699,-0.642874079301
frozen_branch,n48,48,0.020833333333,3,1303,2.4,0.15187262893,0.424778623432,0.357533596449,-0.642466403551
frozen_branch,n48,48,0.020833333333,3,1303,3.0,0.160204881658,0.447325652534,0.35813926778,-0.64186073222
frozen_branch,n48,48,0.020833333333,3,1303,3.6,0.168044250754,0.468455034305,0.358720129891,-0.641279870109
frozen_branch,n48,48,0.020833333333,3,1303,4.2,0.175389656439,0.488203913082,0.35925491734,-0.64074508266
frozen_branch,n48,48,0.020833333333,5,1301,0.0,0.453939209336,0.320037906875,1.418392007898,0.418392007898
frozen_branch,n48,48,0.020833333333,5,1301,0.4,0.46597871682,0.339106687946,1.374136026754,0.374136026754
frozen_branch,n48,48,0.020833333333,5,1301,0.8,0.476426400966,0.357539988621,1.332512211581,0.332512211581
frozen_branch,n48,48,0.020833333333,5,1301,1.2,0.48548087285,0.375326809514,1.293488396095,0.293488396095
frozen_branch,n48,48,0.020833333333,5,1301,1.6,0.493314300099,0.392461968186,1.256973516132,0.256973516132
frozen_branch,n48,48,0.020833333333,5,1301,2.0,0.500074315352,0.408944885159,1.222840371649,0.222840371649
frozen_branch,n48,48,0.020833333333,5,1301,2.4,0.505886738191,0.424778623432,1.190942082028,0.190942082028
frozen_branch,n48,48,0.020833333333,5,1301,3.0,0.513058144706,0.447325652534,1.146945501114,0.146945501114
frozen_branch,n48,48,0.020833333333,5,1301,3.6,0.518630456177,0.468455034305,1.107108298977,0.107108298977
frozen_branch,n48,48,0.020833333333,5,1301,4.2,0.522837235473,0.488203913082,1.070940280205,0.070940280205
frozen_branch,n48,48,0.020833333333,5,1302,0.0,0.210635619785,0.320037906875,0.658158347058,-0.341841652942
frozen_branch,n48,48,0.020833333333,5,1302,0.4,0.22159279378,0.339106687946,0.653460405402,-0.346539594598
frozen_branch,n48,48,0.020833333333,5,1302,0.8,0.231839283336,0.357539988621,0.648428960996,-0.351571039004
frozen_branch,n48,48,0.020833333333,5,1302,1.2,0.24135212222,0.375326809514,0.643045250438,-0.356954749562
frozen_branch,n48,48,0.020833333333,5,1302,1.6,0.250119431372,0.392461968186,0.637308711791,-0.362691288209
frozen_branch,n48,48,0.020833333333,5,1302,2.0,0.258139549501,0.408944885159,0.631233104677,-0.368766895323
frozen_branch,n48,48,0.020833333333,5,1302,2.4,0.265419867531,0.424778623432,0.624842807264,-0.375157192736
frozen_branch,n48,48,0.020833333333,5,1302,3.0,0.274988042146,0.447325652534,0.614737922112,-0.385262077888
frozen_branch,n48,48,0.020833333333,5,1302,3.6,0.28300341178,0.468455034305,0.604120760917,-0.395879239083
frozen_branch,n48,48,0.020833333333,5,1302,4.2,0.289564211543,0.488203913082,0.593121447379,-0.406878552621
frozen_branch,n48,48,0.020833333333,5,1303,0.0,0.180388246959,0.320037906875,0.563646502753,-0.436353497247
frozen_branch,n48,48,0.020833333333,5,1303,0.4,0.191223407622,0.339106687946,0.56390338032,-0.43609661968
frozen_branch,n48,48,0.020833333333,5,1303,0.8,0.201465420416,0.357539988621,0.563476609128,-0.436523390872
frozen_branch,n48,48,0.020833333333,5,1303,1.2,0.211083869716,0.375326809514,0.562400191952,-0.437599808048
frozen_branch,n48,48,0.020833333333,5,1303,1.6,0.220060204435,0.392461968186,0.560717272688,-0.439282727312
frozen_branch,n48,48,0.020833333333,5,1303,2.0,0.228386340804,0.408944885159,0.558477068898,-0.441522931102
frozen_branch,n48,48,0.020833333333,5,1303,2.4,0.23606320216,0.424778623432,0.555732301811,-0.444267698189
frozen_branch,n48,48,0.020833333333,5,1303,3.0,0.246381354012,0.447325652534,0.550787446721,-0.449212553279
frozen_branch,n48,48,0.020833333333,5,1303,3.6,0.255312291487,0.468455034305,0.545009174392,-0.454990825608
frozen_branch,n48,48,0.020833333333,5,1303,4.2,0.262930762064,0.488203913082,0.538567502265,-0.461432497735
frozen_branch,n48,48,0.020833333333,7,1301,0.0,0.26270906344,0.320037906875,0.82086858399,-0.17913141601
frozen_branch,n48,48,0.020833333333,7,1301,0.4,0.269837275544,0.339106687946,0.795729736793,-0.204270263207
frozen_branch,n48,48,0.020833333333,7,1301,0.8,0.275951064557,0.357539988621,0.771804758459,-0.228195241541
frozen_branch,n48,48,0.020833333333,7,1301,1.2,0.28116525115,0.375326809514,0.749121149949,-0.250878850051
frozen_branch,n48,48,0.020833333333,7,1301,1.6,0.285580588913,0.392461968186,0.727664365119,-0.272335634881
frozen_branch,n48,48,0.020833333333,7,1301,2.0,0.289284520307,0.408944885159,0.707392440414,-0.292607559586
frozen_branch,n48,48,0.020833333333,7,1301,2.4,0.292352496393,0.424778623432,0.688246724919,-0.311753275081
frozen_branch,n48,48,0.020833333333,7,1301,3.0,0.295901693755,0.447325652534,0.661490554094,-0.338509445906
frozen_branch,n48,48,0.020833333333,7,1301,3.6,0.298347047606,0.468455034305,0.636874461279,-0.363125538721
frozen_branch,n48,48,0.020833333333,7,1301,4.2,0.299836224311,0.488203913082,0.614161862036,-0.385838137964
frozen_branch,n48,48,0.020833333333,7,1302,0.0,0.263653418153,0.320037906875,0.823819342926,-0.176180657074
frozen_branch,n48,48,0.020833333333,7,1302,0.4,0.272560778842,0.339106687946,0.803761142233,-0.196238857767
frozen_branch,n48,48,0.020833333333,7,1302,0.8,0.28031057116,0.357539988621,0.783997818652,-0.216002181348
frozen_branch,n48,48,0.020833333333,7,1302,1.2,0.286978660015,0.375326809514,0.764610075113,-0.235389924887
frozen_branch,n48,48,0.020833333333,7,1302,1.6,0.29264279243,0.392461968186,0.745658983933,-0.254341016067
frozen_branch,n48,48,0.020833333333,7,1302,2.0,0.29738037836,0.408944885159,0.72718938212,-0.27281061788
frozen_branch,n48,48,0.020833333333,7,1302,2.4,0.301266859375,0.424778623432,0.709232627907,-0.290767372093
frozen_branch,n48,48,0.020833333333,7,1302,3.0,0.305657934445,0.447325652534,0.683300706573,-0.316699293427
frozen_branch,n48,48,0.020833333333,7,1302,3.6,0.308523190005,0.468455034305,0.658597234339,-0.341402765661
frozen_branch,n48,48,0.020833333333,7,1302,4.2,0.310067728805,0.488203913082,0.635119302604,-0.364880697396
frozen_branch,n48,48,0.020833333333,7,1303,0.0,0.106719176533,0.320037906875,0.333457925578,-0.666542074422
frozen_branch,n48,48,0.020833333333,7,1303,0.4,0.111941040735,0.339106687946,0.330105670912,-0.669894329088
frozen_branch,n48,48,0.020833333333,7,1303,0.8,0.116819254261,0.357539988621,0.326730597916,-0.673269402084
frozen_branch,n48,48,0.020833333333,7,1303,1.2,0.121359654565,0.375326809514,0.323343953826,-0.676656046174
frozen_branch,n48,48,0.020833333333,7,1303,1.6,0.125569863986,0.392461968186,0.31995422274,-0.68004577726
frozen_branch,n48,48,0.020833333333,7,1303,2.0,0.129458751323,0.408944885159,0.316567723479,-0.683432276521
frozen_branch,n48,48,0.020833333333,7,1303,2.4,0.133036047656,0.424778623432,0.313189130332,-0.686810869668
frozen_branch,n48,48,0.020833333333,7,1303,3.0,0.137840444986,0.447325652534,0.308143394426,-0.691856605574
frozen_branch,n48,48,0.020833333333,7,1303,3.6,0.142003410599,0.468455034305,0.303131357761,-0.696868642239
frozen_branch,n48,48,0.020833333333,7,1303,4.2,0.145562302433,0.488203913082,0.298158819567,-0.701841180433
frozen_branch,n60,60,0.016666666667,3,1301,0.0,0.450124743243,0.320037906897,1.406473213147,0.406473213147
frozen_branch,n60,60,0.016666666667,3,1301,0.4,0.463287474048,0.332383834554,1.393832749628,0.393832749628
frozen_branch,n60,60,0.016666666667,3,1301,0.8,0.47551099947,0.344465222359,1.380432533114,0.380432533114
frozen_branch,n60,60,0.016666666667,3,1301,1.2,0.486842163131,0.356278791513,1.366464057724,0.366464057724
frozen_branch,n60,60,0.016666666667,3,1301,1.6,0.497330950444,0.367822360187,1.352095479435,0.352095479435
frozen_branch,n60,60,0.016666666667,3,1301,2.0,0.507028579662,0.379094687829,1.337472130158,0.337472130158
frozen_branch,n60,60,0.016666666667,3,1301,2.4,0.515986053423,0.39009534205,1.322717802041,0.322717802041
frozen_branch,n60,60,0.016666666667,3,1301,3.0,0.528142726312,0.406087673521,1.300563303815,0.300563303815
frozen_branch,n60,60,0.016666666667,3,1301,3.6,0.538904361531,0.421472776735,1.2786219924,0.2786219924
frozen_branch,n60,60,0.016666666667,3,1301,4.2,0.548416683954,0.43625637015,1.257097251704,0.257097251704
frozen_branch,n60,60,0.016666666667,3,1302,0.0,0.246588681055,0.320037906897,0.77049835579,-0.22950164421
frozen_branch,n60,60,0.016666666667,3,1302,0.4,0.255781308756,0.332383834554,0.769535946593,-0.230464053407
frozen_branch,n60,60,0.016666666667,3,1302,0.8,0.264684193688,0.344465222359,0.768391630004,-0.231608369996
frozen_branch,n60,60,0.016666666667,3,1302,1.2,0.273287064416,0.356278791513,0.767059591889,-0.232940408111
frozen_branch,n60,60,0.016666666667,3,1302,1.6,0.281581769823,0.367822360187,0.765537390603,-0.234462609397
frozen_branch,n60,60,0.016666666667,3,1302,2.0,0.289562183585,0.379094687829,0.763825484455,-0.236174515545
frozen_branch,n60,60,0.016666666667,3,1302,2.4,0.297224085426,0.39009534205,0.761926773757,-0.238073226243
frozen_branch,n60,60,0.016666666667,3,1302,3.0,0.308114816831,0.406087673521,0.758739643979,-0.241260356021
frozen_branch,n60,60,0.016666666667,3,1302,3.6,0.318282180757,0.421472776735,0.755166640234,-0.244833359766
frozen_branch,n60,60,0.016666666667,3,1302,4.2,0.327731640197,0.43625637015,0.751236343171,-0.248763656829
frozen_branch,n60,60,0.016666666667,3,1303,0.0,0.11368053444,0.320037906897,0.355209592333,-0.644790407667
frozen_branch,n60,60,0.016666666667,3,1303,0.4,0.118141288161,0.332383834554,0.355436323549,-0.644563676451
frozen_branch,n60,60,0.016666666667,3,1303,0.8,0.122515728563,0.344465222359,0.355669369824,-0.644330630176
frozen_branch,n60,60,0.016666666667,3,1303,1.2,0.126802680616,0.356278791513,0.355908585178,-0.644091414822
frozen_branch,n60,60,0.016666666667,3,1303,1.6,0.131001261526,0.367822360187,0.356153610291,-0.643846389709
frozen_branch,n60,60,0.016666666667,3,1303,2.0,0.135110816989,0.379094687829,0.356403878309,-0.643596121691
frozen_branch,n60,60,0.016666666667,3,1303,2.4,0.139130868734,0.39009534205,0.356658626075,-0.643341373925
frozen_branch,n60,60,0.016666666667,3,1303,3.0,0.144992400469,0.406087673521,0.357047036696,-0.642952963304
frozen_branch,n60,60,0.016666666667,3,1303,3.6,0.150651023012,0.421472776735,0.357439510516,-0.642560489484
frozen_branch,n60,60,0.016666666667,3,1303,4.2,0.156106280461,0.43625637015,0.357831520964,-0.642168479036
frozen_branch,n60,60,0.016666666667,5,1301,0.0,0.453939209315,0.320037906897,1.418392007733,0.418392007733
frozen_branch,n60,60,0.016666666667,5,1301,0.4,0.461892869937,0.332383834554,1.389636985677,0.389636985677
frozen_branch,n60,60,0.016666666667,5,1301,0.8,0.469152039654,0.344465222359,1.361972150458,0.361972150458
frozen_branch,n60,60,0.016666666667,5,1301,1.2,0.475774559161,0.356278791513,1.335399609786,0.335399609786
frozen_branch,n60,60,0.016666666667,5,1301,1.6,0.481813412573,0.367822360187,1.309907892297,0.309907892297
frozen_branch,n60,60,0.016666666667,5,1301,2.0,0.487316826707,0.379094687829,1.285475218599,0.285475218599
frozen_branch,n60,60,0.016666666667,5,1301,2.4,0.492328491877,0.39009534205,1.262072213653,0.262072213653
frozen_branch,n60,60,0.016666666667,5,1301,3.0,0.499009174962,0.406087673521,1.228821280477,0.228821280477
frozen_branch,n60,60,0.016666666667,5,1301,3.6,0.50478827716,0.421472776735,1.197677062493,0.197677062493
frozen_branch,n60,60,0.016666666667,5,1301,4.2,0.509765641868,0.43625637015,1.168500168129,0.168500168129
frozen_branch,n60,60,0.016666666667,5,1302,0.0,0.210635619788,0.320037906897,0.658158347021,-0.341841652979
frozen_branch,n60,60,0.016666666667,5,1302,0.4,0.217771276071,0.332383834554,0.655180106346,-0.344819893654
frozen_branch,n60,60,0.016666666667,5,1302,0.8,0.224615540907,0.344465222359,0.65207030007,-0.34792969993
frozen_branch,n60,60,0.016666666667,5,1302,1.2,0.231161070395,0.356278791513,0.648820743478,-0.351179256522
frozen_branch,n60,60,0.016666666667,5,1302,1.6,0.23740242839,0.367822360187,0.645426852977,-0.354573147023
frozen_branch,n60,60,0.016666666667,5,1302,2.0,0.243336039267,0.379094687829,0.641887230498,-0.358112769502
frozen_branch,n60,60,0.016666666667,5,1302,2.4,0.248960107804,0.39009534205,0.638203231281,-0.361796768719
frozen_branch,n60,60,0.016666666667,5,1302,3.0,0.256815980903,0.406087673521,0.632415110452,-0.367584889548
frozen_branch,n60,60,0.016666666667,5,1302,3.6,0.263981450041,0.421472776735,0.626330962788,-0.373669037212
frozen_branch,n60,60,0.016666666667,5,1302,4.2,0.270469247374,0.43625637015,0.61997776051,-0.38002223949
frozen_branch,n60,60,0.016666666667,5,1303,0.0,0.180388246969,0.320037906897,0.563646502748,-0.436353497252
frozen_branch,n60,60,0.016666666667,5,1303,0.4,0.187429466839,0.332383834554,0.563894652369,-0.436105347631
frozen_branch,n60,60,0.016666666667,5,1303,0.8,0.194228956265,0.344465222359,0.563856504686,-0.436143495314
frozen_branch,n60,60,0.016666666667,5,1303,1.2,0.200777187372,0.356278791513,0.563539543062,-0.436460456938
frozen_branch,n60,60,0.016666666667,5,1303,1.6,0.207066780705,0.367822360187,0.562953216328,-0.437046783672
frozen_branch,n60,60,0.016666666667,5,1303,2.0,0.213092365706,0.379094687829,0.562108551103,-0.437891448897
frozen_branch,n60,60,0.016666666667,5,1303,2.4,0.218850431622,0.39009534205,0.561017802653,-0.438982197347
frozen_branch,n60,60,0.016666666667,5,1303,3.0,0.226982407591,0.406087673521,0.558949267343,-0.441050732657
frozen_branch,n60,60,0.016666666667,5,1303,3.6,0.234509018937,0.421472776735,0.556403715451,-0.443596284549
frozen_branch,n60,60,0.016666666667,5,1303,4.2,0.241437143755,0.43625637015,0.553429497596,-0.446570502404
frozen_branch,n60,60,0.016666666667,7,1301,0.0,0.262709063426,0.320037906897,0.820868583889,-0.179131416111
frozen_branch,n60,60,0.016666666667,7,1301,0.4,0.267429231219,0.332383834554,0.804579535518,-0.195420464482
frozen_branch,n60,60,0.016666666667,7,1301,0.8,0.271708946789,0.344465222359,0.788784844313,-0.211215155687
frozen_branch,n60,60,0.016666666667,7,1301,1.2,0.275581487453,0.356278791513,0.773499557138,-0.226500442862
frozen_branch,n60,60,0.016666666667,7,1301,1.6,0.279077577093,0.367822360187,0.75872923264,-0.24127076736
frozen_branch,n60,60,0.016666666667,7,1301,2.0,0.282225393235,0.379094687829,0.744472033758,-0.255527966242
frozen_branch,n60,60,0.016666666667,7,1301,2.4,0.28505065432,0.39009534205,0.730720476748,-0.269279523252
frozen_branch,n60,60,0.016666666667,7,1301,3.0,0.288734341825,0.406087673521,0.711014789791,-0.288985210209
frozen_branch,n60,60,0.016666666667,7,1301,3.6,0.291814478596,0.421472776735,0.692368510386,-0.307631489614
frozen_branch,n60,60,0.016666666667,7,1301,4.2,0.294351576949,0.43625637015,0.674721556151,-0.325278443849
frozen_branch,n60,60,0.016666666667,7,1302,0.0,0.263653418157,0.320037906897,0.823819342882,-0.176180657118
frozen_branch,n60,60,0.016666666667,7,1302,0.4,0.26953430293,0.332383834554,0.810912790907,-0.189087209093
frozen_branch,n60,60,0.016666666667,7,1302,0.8,0.274922878089,0.344465222359,0.798115049775,-0.201884950225
frozen_branch,n60,60,0.016666666667,7,1302,1.2,0.279839456182,0.356278791513,0.785450784186,-0.214549215814
frozen_branch,n60,60,0.016666666667,7,1302,1.6,0.284304882805,0.367822360187,0.772940727855,-0.227059272145
frozen_branch,n60,60,0.016666666667,7,1302,2.0,0.288340244796,0.379094687829,0.760602176852,-0.239397823148
frozen_branch,n60,60,0.016666666667,7,1302,2.4,0.291966625882,0.39009534205,0.748449403029,-0.251550596971
frozen_branch,n60,60,0.016666666667,7,1302,3.0,0.29668493341,0.406087673521,0.730593299812,-0.269406700188
frozen_branch,n60,60,0.016666666667,7,1302,3.6,0.300598695487,0.421472776735,0.713210228703,-0.286789771297
frozen_branch,n60,60,0.016666666667,7,1302,4.2,0.303773910472,0.43625637015,0.696319713034,-0.303680286966
frozen_branch,n60,60,0.016666666667,7,1303,0.0,0.106719176527,0.320037906897,0.333457925537,-0.666542074463
frozen_branch,n60,60,0.016666666667,7,1303,0.4,0.110120394563,0.332383834554,0.331304904495,-0.668695095505
frozen_branch,n60,60,0.016666666667,7,1303,0.8,0.113377683564,0.344465222359,0.329141162025,-0.670858837975
frozen_branch,n60,60,0.016666666667,7,1303,1.2,0.116492532992,0.356278791513,0.32697015867,-0.67302984133
frozen_branch,n60,60,0.016666666667,7,1303,1.6,0.119466784569,0.367822360187,0.324794785471,-0.675205214529
frozen_branch,n60,60,0.016666666667,7,1303,2.0,0.122302557723,0.379094687829,0.322617440048,-0.677382559952
frozen_branch,n60,60,0.016666666667,7,1303,2.4,0.125002189823,0.39009534205,0.32044009848,-0.67955990152
frozen_branch,n60,60,0.016666666667,7,1303,3.0,0.128801895809,0.406087673521,0.317177556,-0.682822444
frozen_branch,n60,60,0.016666666667,7,1303,3.6,0.132309945905,0.421472776735,0.313922875234,-0.686077124766
frozen_branch,n60,60,0.016666666667,7,1303,4.2,0.135535785424,0.43625637015,0.310679212266,-0.689320787734
frozen_branch,n72,72,0.013888888889,3,1301,0.0,0.450124743239,0.32003790691,1.40647321308,0.40647321308
frozen_branch,n72,72,0.013888888889,3,1301,0.4,0.459401173595,0.328666055431,1.397774932957,0.397774932957
frozen_branch,n72,72,0.013888888889,3,1301,0.8,0.468213697391,0.337165447501,1.388676392736,0.388676392736
frozen_branch,n72,72,0.013888888889,3,1301,1.2,0.476577708656,0.345534912009,1.379246183504,0.379246183504
frozen_branch,n72,72,0.013888888889,3,1301,1.6,0.484509640694,0.353773549678,1.369547387403,0.369547387403
frozen_branch,n72,72,0.013888888889,3,1301,2.0,0.492026589567,0.361880705312,1.359637533432,0.359637533432
frozen_branch,n72,72,0.013888888889,3,1301,2.4,0.499145997188,0.36985594298,1.349568681163,0.349568681163
frozen_branch,n72,72,0.013888888889,3,1301,3.0,0.509118025837,0.381570979641,1.334268204346,0.334268204346
frozen_branch,n72,72,0.013888888889,3,1301,3.6,0.518293415707,0.392988626843,1.318850929275,0.318850929275
frozen_branch,n72,72,0.013888888889,3,1301,4.2,0.526728768789,0.404109572516,1.303430565898,0.303430565898
frozen_branch,n72,72,0.013888888889,3,1302,0.0,0.246588681046,0.32003790691,0.770498355731,-0.229501644269
frozen_branch,n72,72,0.013888888889,3,1302,0.4,0.253024014998,0.328666055431,0.769851375938,-0.230148624062
frozen_branch,n72,72,0.013888888889,3,1302,0.8,0.259319864872,0.337165447501,0.76911755577,-0.23088244423
frozen_branch,n72,72,0.013888888889,3,1302,1.2,0.265472514693,0.345534912009,0.768294332835,-0.231705667165
frozen_branch,n72,72,0.013888888889,3,1302,1.6,0.271478750227,0.353773549678,0.767380010389,-0.232619989611
frozen_branch,n72,72,0.013888888889,3,1302,2.0,0.277335847605,0.361880705312,0.766373679319,-0.233626320681
frozen_branch,n72,72,0.013888888889,3,1302,2.4,0.283041558526,0.36985594298,0.76527513995,-0.23472486005
frozen_branch,n72,72,0.013888888889,3,1302,3.0,0.291312479058,0.381570979641,0.76345554196,-0.23654445804
frozen_branch,n72,72,0.013888888889,3,1302,3.6,0.29923463542,0.392988626843,0.761433321426,-0.238566678574
frozen_branch,n72,72,0.013888888889,3,1302,4.2,0.306805854365,0.404109572516,0.759214518121,-0.240785481879
frozen_branch,n72,72,0.013888888889,3,1303,0.0,0.113680534442,0.32003790691,0.355209592326,-0.644790407674
frozen_branch,n72,72,0.013888888889,3,1303,0.4,0.116796867794,0.328666055431,0.355366384401,-0.644633615599
frozen_branch,n72,72,0.013888888889,3,1303,0.8,0.119871163283,0.337165447501,0.355526238444,-0.644473761556
frozen_branch,n72,72,0.013888888889,3,1303,1.2,0.122903016777,0.345534912009,0.355689143137,-0.644310856863
frozen_branch,n72,72,0.013888888889,3,1303,1.6,0.125892099632,0.353773549678,0.355855037062,-0.644144962938
frozen_branch,n72,72,0.013888888889,3,1303,2.0,0.128838147008,0.361880705312,0.356023808722,-0.643976191278
frozen_branch,n72,72,0.013888888889,3,1303,2.4,0.131740947589,0.36985594298,0.356195297356,-0.643804702644
frozen_branch,n72,72,0.013888888889,3,1303,3.0,0.136013706156,0.381570979641,0.356457155845,-0.643542844155
frozen_branch,n72,72,0.013888888889,3,1303,3.6,0.140188377957,0.392988626843,0.356723753263,-0.643276246737
frozen_branch,n72,72,0.013888888889,3,1303,4.2,0.144264686057,0.404109572516,0.356993983486,-0.643006016514
frozen_branch,n72,72,0.013888888889,5,1301,0.0,0.453939209317,0.32003790691,1.418392007685,0.418392007685
frozen_branch,n72,72,0.013888888889,5,1301,0.4,0.459560143588,0.328666055431,1.398258615377,0.398258615377
frozen_branch,n72,72,0.013888888889,5,1301,0.8,0.464834167285,0.337165447501,1.378653034377,0.378653034377
frozen_branch,n72,72,0.013888888889,5,1301,1.2,0.469781789856,0.345534912009,1.359578362498,0.359578362498
frozen_branch,n72,72,0.013888888889,5,1301,1.6,0.474422347144,0.353773549678,1.34103396813,0.34103396813
frozen_branch,n72,72,0.013888888889,5,1301,2.0,0.478774001093,0.361880705312,1.323016104658,0.323016104658
frozen_branch,n72,72,0.013888888889,5,1301,2.4,0.482853759181,0.36985594298,1.305518454807,0.305518454807
frozen_branch,n72,72,0.013888888889,5,1301,3.0,0.488498049066,0.381570979641,1.280228516132,0.280228516132
frozen_branch,n72,72,0.013888888889,5,1301,3.6,0.493615201849,0.392988626843,1.256054674696,0.256054674696
frozen_branch,n72,72,0.013888888889,5,1301,4.2,0.498249310615,0.404109572516,1.232955971604,0.232955971604
frozen_branch,n72,72,0.013888888889,5,1302,0.0,0.210635619783,0.32003790691,0.65815834698,-0.34184165302
frozen_branch,n72,72,0.013888888889,5,1302,0.4,0.215637926727,0.328666055431,0.65610038872,-0.34389961128
frozen_branch,n72,72,0.013888888889,5,1302,0.8,0.220499687626,0.337165447501,0.653980677026,-0.346019322974
frozen_branch,n72,72,0.013888888889,5,1302,1.2,0.225218208145,0.345534912009,0.651795810836,-0.348204189164
frozen_branch,n72,72,0.013888888889,5,1302,1.6,0.229791236736,0.353773549678,0.649543293854,-0.350456706146
frozen_branch,n72,72,0.013888888889,5,1302,2.0,0.234216962532,0.361880705312,0.647221471314,-0.352778528686
frozen_branch,n72,72,0.013888888889,5,1302,2.4,0.238494008698,0.36985594298,0.644829461914,-0.355170538086
frozen_branch,n72,72,0.013888888889,5,1302,3.0,0.244628830265,0.381570979641,0.641109631804,-0.358890368196
frozen_branch,n72,72,0.013888888889,5,1302,3.6,0.250425563777,0.392988626843,0.637233616118,-0.362766383882
frozen_branch,n72,72,0.013888888889,5,1302,4.2,0.255884635,0.404109572516,0.633206071826,-0.366793928174
frozen_branch,n72,72,0.013888888889,5,1303,0.0,0.180388246968,0.32003790691,0.563646502721,-0.436353497279
frozen_branch,n72,72,0.013888888889,5,1303,0.4,0.18531867466,0.328666055431,0.56385097152,-0.43614902848
frozen_branch,n72,72,0.013888888889,5,1303,0.8,0.190132940516,0.337165447501,0.563915851772,-0.436084148228
frozen_branch,n72,72,0.013888888889,5,1303,1.2,0.194827559153,0.345534912009,0.563843340807,-0.436156659193
frozen_branch,n72,72,0.013888888889,5,1303,1.6,0.199399563123,0.353773549678,0.563636154552,-0.436363845448
frozen_branch,n72,72,0.013888888889,5,1303,2.0,0.203846481799,0.361880705312,0.563297459099,-0.436702540901
frozen_branch,n72,72,0.013888888889,5,1303,2.4,0.208166318871,0.36985594298,0.562830807027,-0.437169192973
frozen_branch,n72,72,0.013888888889,5,1303,3.0,0.214404532528,0.381570979641,0.561899473408,-0.438100526592
frozen_branch,n72,72,0.013888888889,5,1303,3.6,0.220349988985,0.392988626843,0.560703221249,-0.439296778751
frozen_branch,n72,72,0.013888888889,5,1303,4.2,0.226001206688,0.404109572516,0.5592572462,-0.4407427538
frozen_branch,n72,72,0.013888888889,7,1301,0.0,0.262709063413,0.32003790691,0.820868583818,-0.179131416182
frozen_branch,n72,72,0.013888888889,7,1301,0.4,0.266048916453,0.328666055431,0.809480967251,-0.190519032749
frozen_branch,n72,72,0.013888888889,7,1301,0.8,0.269169335292,0.337165447501,0.798330129278,-0.201669870722
frozen_branch,n72,72,0.013888888889,7,1301,1.2,0.272082088089,0.345534912009,0.787422858393,-0.212577141607
frozen_branch,n72,72,0.013888888889,7,1301,1.6,0.27479833168,0.353773549678,0.776763361562,-0.223236638438
frozen_branch,n72,72,0.013888888889,7,1301,2.0,0.277328601594,0.361880705312,0.766353656116,-0.233646343884
frozen_branch,n72,72,0.013888888889,7,1301,2.4,0.279682814978,0.36985594298,0.756193918972,-0.243806081028
frozen_branch,n72,72,0.013888888889,7,1301,3.0,0.282904236819,0.381570979641,0.741419688375,-0.258580311625
frozen_branch,n72,72,0.013888888889,7,1301,3.6,0.285779324138,0.392988626843,0.727194897301,-0.272805102699
frozen_branch,n72,72,0.013888888889,7,1301,4.2,0.288334285891,0.404109572516,0.713505211212,-0.286494788788
frozen_branch,n72,72,0.013888888889,7,1302,0.0,0.26365341815,0.32003790691,0.823819342826,-0.176180657174
frozen_branch,n72,72,0.013888888889,7,1302,0.4,0.267807244677,0.328666055431,0.814830860237,-0.185169139763
frozen_branch,n72,72,0.013888888889,7,1302,0.8,0.271718704115,0.337165447501,0.805891309828,-0.194108690172
frozen_branch,n72,72,0.013888888889,7,1302,1.2,0.275394673072,0.345534912009,0.797009689904,-0.202990310096
frozen_branch,n72,72,0.013888888889,7,1302,1.6,0.278842182547,0.353773549678,0.788193981151,-0.211806018849
frozen_branch,n72,72,0.013888888889,7,1302,2.0,0.282068365774,0.361880705312,0.779451243555,-0.220548756445
frozen_branch,n72,72,0.013888888889,7,1302,2.4,0.285080411836,0.36985594298,0.770787700581,-0.229212299419
frozen_branch,n72,72,0.013888888889,7,1302,3.0,0.289212727334,0.381570979641,0.757952629432,-0.242047370568
frozen_branch,n72,72,0.013888888889,7,1302,3.6,0.292903628095,0.392988626843,0.745323421819,-0.254676578181
frozen_branch,n72,72,0.013888888889,7,1302,4.2,0.296176969847,0.404109572516,0.732912531627,-0.267087468373
frozen_branch,n72,72,0.013888888889,7,1303,0.0,0.106719176528,0.32003790691,0.333457925526,-0.666542074474
frozen_branch,n72,72,0.013888888889,7,1303,0.4,0.109103961865,0.328666055431,0.331959933378,-0.668040066622
frozen_branch,n72,72,0.013888888889,7,1303,0.8,0.111418463251,0.337165447501,0.330456350366,-0.669543649634
frozen_branch,n72,72,0.013888888889,7,1303,1.2,0.11366317183,0.345534912009,0.32894844451,-0.67105155549
frozen_branch,n72,72,0.013888888889,7,1303,1.6,0.115838668649,0.353773549678,0.327437335988,-0.672562664012
frozen_branch,n72,72,0.013888888889,7,1303,2.0,0.117945610764,0.361880705312,0.325924010405,-0.674075989595
frozen_branch,n72,72,0.013888888889,7,1303,2.4,0.119984719321,0.36985594298,0.32440933179,-0.67559066821
frozen_branch,n72,72,0.013888888889,7,1303,3.0,0.122917902266,0.381570979641,0.322136401415,-0.677863598585
frozen_branch,n72,72,0.013888888889,7,1303,3.6,0.125703013032,0.392988626843,0.31986425165,-0.68013574835
frozen_branch,n72,72,0.013888888889,7,1303,4.2,0.128343026474,0.404109572516,0.317594620873,-0.682405379127
frozen_branch,n84,84,0.011904761905,3,1301,0.0,0.450124743243,0.320037906917,1.406473213058,0.406473213058
frozen_branch,n84,84,0.011904761905,3,1301,0.4,0.457001248914,0.326401413027,1.400120314054,0.400120314054
frozen_branch,n84,84,0.011904761905,3,1301,0.8,0.463623753273,0.332695020604,1.393539802403,0.393539802403
frozen_branch,n84,84,0.011904761905,3,1301,1.2,0.469998256505,0.33891824778,1.386759962271,0.386759962271
frozen_branch,n84,84,0.011904761905,3,1301,1.6,0.476131124466,0.34507069496,1.379807475455,0.379807475455
frozen_branch,n84,84,0.011904761905,3,1301,2.0,0.482028998328,0.351152038513,1.372707390138,0.372707390138
frozen_branch,n84,84,0.011904761905,3,1301,2.4,0.487698714279,0.357162024972,1.36548311461,0.36548311461
frozen_branch,n84,84,0.011904761905,3,1301,3.0,0.495790736866,0.36604281395,1.354461057479,0.354461057479
frozen_branch,n84,84,0.011904761905,3,1301,3.6,0.503408779755,0.374762250263,1.343275048119,0.343275048119
frozen_branch,n84,84,0.011904761905,3,1301,4.2,0.510576478548,0.383320214899,1.331984222858,0.331984222858
frozen_branch,n84,84,0.011904761905,3,1302,0.0,0.246588681051,0.320037906917,0.77049835573,-0.22950164427
frozen_branch,n84,84,0.011904761905,3,1302,0.4,0.251339680024,0.326401413027,0.770032450819,-0.229967549181
frozen_branch,n84,84,0.011904761905,3,1302,0.8,0.256015481296,0.332695020604,0.769520027175,-0.230479972825
frozen_branch,n84,84,0.011904761905,3,1302,1.2,0.260614545511,0.33891824778,0.768959910592,-0.231040089408
frozen_branch,n84,84,0.011904761905,3,1302,1.6,0.265135480349,0.34507069496,0.768351193601,-0.231648806399
frozen_branch,n84,84,0.011904761905,3,1302,2.0,0.269577038732,0.351152038513,0.767693218794,-0.232306781206
frozen_branch,n84,84,0.011904761905,3,1302,2.4,0.273938116407,0.357162024972,0.766985561885,-0.233014438115
frozen_branch,n84,84,0.011904761905,3,1302,3.0,0.280326759353,0.36604281395,0.765830522195,-0.234169477805
frozen_branch,n84,84,0.011904761905,3,1302,3.6,0.286529499115,0.374762250263,0.764563396965,-0.235436603035
frozen_branch,n84,84,0.011904761905,3,1302,4.2,0.292544311672,0.383320214899,0.763185191652,-0.236814808348
frozen_branch,n84,84,0.011904761905,3,1303,0.0,0.113680534436,0.320037906917,0.355209592297,-0.644790407703
frozen_branch,n84,84,0.011904761905,3,1303,0.4,0.115978416592,0.326401413027,0.355324492982,-0.644675507018
frozen_branch,n84,84,0.011904761905,3,1303,0.8,0.118253466702,0.332695020604,0.355441047741,-0.644558952259
frozen_branch,n84,84,0.011904761905,3,1303,1.2,0.120505521752,0.33891824778,0.355559261095,-0.644440738905
frozen_branch,n84,84,0.011904761905,3,1303,1.6,0.12273444216,0.34507069496,0.355679123011,-0.644320876989
frozen_branch,n84,84,0.011904761905,3,1303,2.0,0.124940109075,0.351152038513,0.355800608773,-0.644199391227
frozen_branch,n84,84,0.011904761905,3,1303,2.4,0.12712242192,0.357162024972,0.355923678981,-0.644076321019
frozen_branch,n84,84,0.011904761905,3,1303,3.0,0.130351921276,0.36604281395,0.356111133202,-0.643888866798
frozen_branch,n84,84,0.011904761905,3,1303,3.6,0.133528458965,0.374762250263,0.356301785656,-0.643698214344
frozen_branch,n84,84,0.011904761905,3,1303,4.2,0.136651864511,0.383320214899,0.356495324794,-0.643504675206
frozen_branch,n84,84,0.011904761905,5,1301,0.0,0.453939209327,0.320037906917,1.418392007683,0.418392007683
frozen_branch,n84,84,0.011904761905,5,1301,0.4,0.458113110155,0.326401413027,1.403526736931,0.403526736931
frozen_branch,n84,84,0.011904761905,5,1301,0.8,0.462095685006,0.332695020604,1.388946802292,0.388946802292
frozen_branch,n84,84,0.011904761905,5,1301,1.2,0.465895351517,0.33891824778,1.374654078286,0.374654078286
frozen_branch,n84,84,0.011904761905,5,1301,1.6,0.469520179094,0.34507069496,1.360649240728,0.360649240728
frozen_branch,n84,84,0.011904761905,5,1301,2.0,0.472977886053,0.351152038513,1.346931910338,0.346931910338
frozen_branch,n84,84,0.011904761905,5,1301,2.4,0.476275840566,0.357162024972,1.333500784702,0.333500784702
frozen_branch,n84,84,0.011904761905,5,1301,3.0,0.480938504346,0.36604281395,1.313885933602,0.313885933602
frozen_branch,n84,84,0.011904761905,5,1301,3.6,0.485279721953,0.374762250263,1.294900224377,0.294900224377
frozen_branch,n84,84,0.011904761905,5,1301,4.2,0.489320121161,0.383320214899,1.27653095804,0.27653095804
frozen_branch,n84,84,0.011904761905,5,1302,0.0,0.210635619783,0.320037906917,0.658158346964,-0.341841653036
frozen_branch,n84,84,0.011904761905,5,1302,0.4,0.214331746722,0.326401413027,0.656650793065,-0.343349206935
frozen_branch,n84,84,0.011904761905,5,1302,0.8,0.21795201179,0.332695020604,0.655110531543,-0.344889468457
frozen_branch,n84,84,0.011904761905,5,1302,1.2,0.221495291978,0.33891824778,0.653536047199,-0.346463952801
frozen_branch,n84,84,0.011904761905,5,1302,1.6,0.224960592265,0.34507069496,0.651926099639,-0.348073900361
frozen_branch,n84,84,0.011904761905,5,1302,2.0,0.228347046002,0.351152038513,0.650279710661,-0.349720289339
frozen_branch,n84,84,0.011904761905,5,1302,2.4,0.231653914499,0.357162024972,0.648596150494,-0.351403849506
frozen_branch,n84,84,0.011904761905,5,1302,3.0,0.236463690654,0.36604281395,0.646000089721,-0.353999910279
frozen_branch,n84,84,0.011904761905,5,1302,3.6,0.241091512103,0.374762250263,0.643318562459,-0.356681437541
frozen_branch,n84,84,0.011904761905,5,1302,4.2,0.245536450894,0.383320214899,0.640551792863,-0.359448207137
frozen_branch,n84,84,0.011904761905,5,1303,0.0,0.180388246967,0.320037906917,0.563646502704,-0.436353497296
frozen_branch,n84,84,0.011904761905,5,1303,0.4,0.184028739538,0.326401413027,0.563811099441,-0.436188900559
frozen_branch,n84,84,0.011904761905,5,1303,0.8,0.187606682334,0.332695020604,0.563899880417,-0.436100119583
frozen_branch,n84,84,0.011904761905,5,1303,1.2,0.191120621408,0.33891824778,0.563913635985,-0.436086364015
frozen_branch,n84,84,0.011904761905,5,1303,1.6,0.194569256704,0.34507069496,0.563853319179,-0.436146680821
frozen_branch,n84,84,0.011904761905,5,1303,2.0,0.197951437767,0.351152038513,0.563720030235,-0.436279969765
frozen_branch,n84,84,0.011904761905,5,1303,2.4,0.201266159191,0.357162024972,0.563515001928,-0.436484998072
frozen_branch,n84,84,0.011904761905,5,1303,3.0,0.206109899177,0.36604281395,0.56307593353,-0.43692406647
frozen_branch,n84,84,0.011904761905,5,1303,3.6,0.210797585804,0.374762250263,0.562483509628,-0.437516490372
frozen_branch,n84,84,0.011904761905,5,1303,4.2,0.215327510369,0.383320214899,0.56174316407,-0.43825683593
frozen_branch,n84,84,0.011904761905,7,1301,0.0,0.262709063429,0.320037906917,0.820868583848,-0.179131416152
frozen_branch,n84,84,0.011904761905,7,1301,0.4,0.265190888796,0.326401413027,0.812468568494,-0.187531431506
frozen_branch,n84,84,0.011904761905,7,1301,0.8,0.267551886259,0.332695020604,0.804195643726,-0.195804356274
frozen_branch,n84,84,0.011904761905,7,1301,1.2,0.269796877836,0.33891824778,0.796052970304,-0.203947029696
frozen_branch,n84,84,0.011904761905,7,1301,1.6,0.271930505454,0.34507069496,0.788042883461,-0.211957116539
frozen_branch,n84,84,0.011904761905,7,1301,2.0,0.273957226912,0.351152038513,0.780166984285,-0.219833015715
frozen_branch,n84,84,0.011904761905,7,1301,2.4,0.275881314338,0.357162024972,0.772426224092,-0.227573775908
frozen_branch,n84,84,0.011904761905,7,1301,3.0,0.278583896805,0.36604281395,0.76106915964,-0.23893084036
frozen_branch,n84,84,0.011904761905,7,1301,3.6,0.281077730814,0.374762250263,0.750016125201,-0.249983874799
frozen_branch,n84,84,0.011904761905,7,1301,4.2,0.283374945053,0.383320214899,0.739264286199,-0.260735713801
frozen_branch,n84,84,0.011904761905,7,1302,0.0,0.263653418149,0.320037906917,0.823819342802,-0.176180657198
frozen_branch,n84,84,0.011904761905,7,1302,0.4,0.26673666161,0.326401413027,0.817204371564,-0.182795628436
frozen_branch,n84,84,0.011904761905,7,1302,0.8,0.269687432994,0.332695020604,0.81061457579,-0.18938542421
frozen_branch,n84,84,0.011904761905,7,1302,1.2,0.272508476836,0.33891824778,0.80405371685,-0.19594628315
frozen_branch,n84,84,0.011904761905,7,1302,1.6,0.275202588258,0.34507069496,0.797525238386,-0.202474761614
frozen_branch,n84,84,0.011904761905,7,1302,2.0,0.277772601131,0.351152038513,0.79103228991,-0.20896771009
frozen_branch,n84,84,0.011904761905,7,1302,2.4,0.280221377198,0.357162024972,0.784577747928,-0.215422252072
frozen_branch,n84,84,0.011904761905,7,1302,3.0,0.283673524105,0.36604281395,0.774973618643,-0.225026381357
frozen_branch,n84,84,0.011904761905,7,1302,3.6,0.286869116333,0.374762250263,0.765469617421,-0.234530382579
frozen_branch,n84,84,0.011904761905,7,1302,4.2,0.289817884155,0.383320214899,0.756072528633,-0.243927471367
frozen_branch,n84,84,0.011904761905,7,1303,0.0,0.106719176531,0.320037906917,0.333457925528,-0.666542074472
frozen_branch,n84,84,0.011904761905,7,1303,0.4,0.108481503842,0.326401413027,0.332356109724,-0.667643890276
frozen_branch,n84,84,0.011904761905,7,1303,0.8,0.110205600436,0.332695020604,0.331251126739,-0.668748873261
frozen_branch,n84,84,0.011904761905,7,1303,1.2,0.111891659228,0.33891824778,0.330143507942,-0.669856492058
frozen_branch,n84,84,0.011904761905,7,1303,1.6,0.113539900882,0.34507069496,0.329033738711,-0.670966261289
frozen_branch,n84,84,0.011904761905,7,1303,2.0,0.115150570561,0.351152038513,0.327922261391,-0.672077738609
frozen_branch,n84,84,0.011904761905,7,1303,2.4,0.116723935025,0.357162024972,0.32680947823,-0.67319052177
frozen_branch,n84,84,0.011904761905,7,1303,3.0,0.1190146642,0.36604281395,0.325138644073,-0.674861355927
frozen_branch,n84,84,0.011904761905,7,1303,3.6,0.12122313639,0.374762250263,0.323466774749,-0.676533225251
frozen_branch,n84,84,0.011904761905,7,1303,4.2,0.12335045419,0.383320214899,0.321794806002,-0.678205193998
periodic_diagonal_augmented_control,n48,48,0.020833333333,3,1301,0.0,0.450124743222,0.320037906875,1.406473213181,0.406473213181
periodic_diagonal_augmented_control,n48,48,0.020833333333,3,1301,0.4,0.482596409759,0.351890760207,1.371438140276,0.371438140276
periodic_diagonal_augmented_control,n48,48,0.020833333333,3,1301,0.8,0.509214739453,0.381934126735,1.333252788398,0.333252788398
periodic_diagonal_augmented_control,n48,48,0.020833333333,3,1301,1.2,0.530849545006,0.410131278892,1.294340549787,0.294340549787
periodic_diagonal_augmented_control,n48,48,0.020833333333,3,1301,1.6,0.548329694342,0.436483863947,1.25624276092,0.25624276092
periodic_diagonal_augmented_control,n48,48,0.020833333333,3,1301,2.0,0.562373332609,0.461019435157,1.219847342048,0.219847342048
periodic_diagonal_augmented_control,n48,48,0.020833333333,3,1301,2.4,0.573573183898,0.483782902752,1.185600360484,0.185600360484
periodic_diagonal_augmented_control,n48,48,0.020833333333,3,1301,3.0,0.586059039168,0.514730727422,1.138574030936,0.138574030936
periodic_diagonal_augmented_control,n48,48,0.020833333333,3,1301,3.6,0.594425963049,0.542037516661,1.096650960084,0.096650960084
periodic_diagonal_augmented_control,n48,48,0.020833333333,3,1301,4.2,0.599554386345,0.565938018032,1.05939938163,0.05939938163
periodic_diagonal_augmented_control,n48,48,0.020833333333,3,1302,0.0,0.246588681077,0.320037906875,0.770498355914,-0.229501644086
periodic_diagonal_augmented_control,n48,48,0.020833333333,3,1302,0.4,0.270073538044,0.351890760207,0.767492553327,-0.232507446673
periodic_diagonal_augmented_control,n48,48,0.020833333333,3,1302,0.8,0.291487252203,0.381934126735,0.763187240416,-0.236812759584
periodic_diagonal_augmented_control,n48,48,0.020833333333,3,1302,1.2,0.310719241925,0.410131278892,0.757609228842,-0.242390771158
periodic_diagonal_augmented_control,n48,48,0.020833333333,3,1302,1.6,0.327744627138,0.436483863947,0.750874555074,-0.249125444926
periodic_diagonal_augmented_control,n48,48,0.020833333333,3,1302,2.0,0.342604822971,0.461019435157,0.743146160105,-0.256853839895
periodic_diagonal_augmented_control,n48,48,0.020833333333,3,1302,2.4,0.355388470314,0.483782902752,0.734603203818,-0.265396796182
periodic_diagonal_augmented_control,n48,48,0.020833333333,3,1302,3.0,0.370936062173,0.514730727422,0.720640992292,-0.279359007708
periodic_diagonal_augmented_control,n48,48,0.020833333333,3,1302,3.6,0.382547153998,0.542037516661,0.705757705396,-0.294242294604
periodic_diagonal_augmented_control,n48,48,0.020833333333,3,1302,4.2,0.390704069147,0.565938018032,0.690365475896,-0.309634524104
periodic_diagonal_augmented_control,n48,48,0.020833333333,3,1303,0.0,0.113680534423,0.320037906875,0.355209592305,-0.644790407695
periodic_diagonal_augmented_control,n48,48,0.020833333333,3,1303,0.4,0.125210977212,0.351890760207,0.3558234298,-0.6441765702
periodic_diagonal_augmented_control,n48,48,0.020833333333,3,1303,0.8,0.136150873226,0.381934126735,0.35647737056,-0.64352262944
periodic_diagonal_augmented_control,n48,48,0.020833333333,3,1303,1.2,0.146482060623,0.410131278892,0.357158959001,-0.642841040999
periodic_diagonal_augmented_control,n48,48,0.020833333333,3,1303,1.6,0.156194659515,0.436483863947,0.357847500027,-0.642152499973
periodic_diagonal_augmented_control,n48,48,0.020833333333,3,1303,2.0,0.165283037935,0.461019435157,0.358516421067,-0.641483578933
periodic_diagonal_augmented_control,n48,48,0.020833333333,3,1303,2.4,0.173743739787,0.483782902752,0.35913575862,-0.64086424138
periodic_diagonal_augmented_control,n48,48,0.020833333333,3,1303,3.0,0.185253573254,0.514730727422,0.359903855327,-0.640096144673
periodic_diagonal_augmented_control,n48,48,0.020833333333,3,1303,3.6,0.19534477582,0.542037516661,0.360389769739,-0.639610230261
periodic_diagonal_augmented_control,n48,48,0.020833333333,3,1303,4.2,0.204023823052,0.565938018032,0.360505596993,-0.639494403007
periodic_diagonal_augmented_control,n48,48,0.020833333333,5,1301,0.0,0.453939209336,0.320037906875,1.418392007898,0.418392007898
periodic_diagonal_augmented_control,n48,48,0.020833333333,5,1301,0.4,0.473317699837,0.351890760207,1.345069985806,0.345069985806
periodic_diagonal_augmented_control,n48,48,0.020833333333,5,1301,0.8,0.488559586033,0.381934126735,1.279172380353,0.279172380353
periodic_diagonal_augmented_control,n48,48,0.020833333333,5,1301,1.2,0.500478420639,0.410131278892,1.220288347649,0.220288347649
periodic_diagonal_augmented_control,n48,48,0.020833333333,5,1301,1.6,0.509704398785,0.436483863947,1.167750840034,0.167750840034
periodic_diagonal_augmented_control,n48,48,0.020833333333,5,1301,2.0,0.516719504631,0.461019435157,1.120819352129,0.120819352129
periodic_diagonal_augmented_control,n48,48,0.020833333333,5,1301,2.4,0.52189277231,0.483782902752,1.078774734166,0.078774734166
periodic_diagonal_augmented_control,n48,48,0.020833333333,5,1301,3.0,0.526806253893,0.514730727422,1.02345989044,0.02345989044
periodic_diagonal_augmented_control,n48,48,0.020833333333,5,1301,3.6,0.528925390901,0.542037516661,0.975809560487,-0.024190439513
periodic_diagonal_augmented_control,n48,48,0.020833333333,5,1301,4.2,0.528773163284,0.565938018032,0.934330521074,-0.065669478926
periodic_diagonal_augmented_control,n48,48,0.020833333333,5,1302,0.0,0.210635619785,0.320037906875,0.658158347058,-0.341841652942
periodic_diagonal_augmented_control,n48,48,0.020833333333,5,1302,0.4,0.228713971538,0.351890760207,0.649957308921,-0.350042691079
periodic_diagonal_augmented_control,n48,48,0.020833333333,5,1302,0.8,0.244730209465,0.381934126735,0.640765494191,-0.359234505809
periodic_diagonal_augmented_control,n48,48,0.020833333333,5,1302,1.2,0.258623231569,0.410131278892,0.630586460676,-0.369413539324
periodic_diagonal_augmented_control,n48,48,0.020833333333,5,1302,1.6,0.270412388194,0.436483863947,0.619524363968,-0.380475636032
periodic_diagonal_augmented_control,n48,48,0.020833333333,5,1302,2.0,0.280179868195,0.461019435157,0.607739819254,-0.392260180746
periodic_diagonal_augmented_control,n48,48,0.020833333333,5,1302,2.4,0.288051868053,0.483782902752,0.595415560193,-0.404584439807
periodic_diagonal_augmented_control,n48,48,0.020833333333,5,1302,3.0,0.296644202996,0.514730727422,0.576309489977,-0.423690510023
periodic_diagonal_augmented_control,n48,48,0.020833333333,5,1302,3.6,0.301876906926,0.542037516661,0.556929912869,-0.443070087131
periodic_diagonal_augmented_control,n48,48,0.020833333333,5,1302,4.2,0.304300609634,0.565938018032,0.53769246797,-0.46230753203
periodic_diagonal_augmented_control,n48,48,0.020833333333,5,1303,0.0,0.180388246959,0.320037906875,0.563646502753,-0.436353497247
periodic_diagonal_augmented_control,n48,48,0.020833333333,5,1303,0.4,0.198329969946,0.351890760207,0.56361232625,-0.43638767375
periodic_diagonal_augmented_control,n48,48,0.020833333333,5,1303,0.8,0.214532786397,0.381934126735,0.561701014336,-0.438298985664
periodic_diagonal_augmented_control,n48,48,0.020833333333,5,1303,1.2,0.228901468948,0.410131278892,0.558117560715,-0.441882439285
periodic_diagonal_augmented_control,n48,48,0.020833333333,5,1303,1.6,0.241423091742,0.436483863947,0.553108858502,-0.446891141498
periodic_diagonal_augmented_control,n48,48,0.020833333333,5,1303,2.0,0.252146970281,0.461019435157,0.546933493585,-0.453066506415
periodic_diagonal_augmented_control,n48,48,0.020833333333,5,1303,2.4,0.261165801996,0.483782902752,0.539840909032,-0.460159090968
periodic_diagonal_augmented_control,n48,48,0.020833333333,5,1303,3.0,0.271763500516,0.514730727422,0.527972172707,-0.472027827293
periodic_diagonal_augmented_control,n48,48,0.020833333333,5,1303,3.6,0.279252490523,0.542037516661,0.515190336351,-0.484809663649
periodic_diagonal_augmented_control,n48,48,0.020833333333,5,1303,4.2,0.284095087177,0.565938018032,0.501989755282,-0.498010244718
periodic_diagonal_augmented_control,n48,48,0.020833333333,7,1301,0.0,0.26270906344,0.320037906875,0.82086858399,-0.17913141601
periodic_diagonal_augmented_control,n48,48,0.020833333333,7,1301,0.4,0.274140670637,0.351890760207,0.779050494182,-0.220949505818
periodic_diagonal_augmented_control,n48,48,0.020833333333,7,1301,0.8,0.282912315206,0.381934126735,0.740735889786,-0.259264110214
periodic_diagonal_augmented_control,n48,48,0.020833333333,7,1301,1.2,0.289499014872,0.410131278892,0.705869144275,-0.294130855725
periodic_diagonal_augmented_control,n48,48,0.020833333333,7,1301,1.6,0.294276743679,0.436483863947,0.674198448067,-0.325801551933
periodic_diagonal_augmented_control,n48,48,0.020833333333,7,1301,2.0,0.297539625578,0.461019435157,0.64539497229,-0.35460502771
periodic_diagonal_augmented_control,n48,48,0.020833333333,7,1301,2.4,0.299518544575,0.483782902752,0.619117672145,-0.380882327855
periodic_diagonal_augmented_control,n48,48,0.020833333333,7,1301,3.0,0.300471272636,0.514730727422,0.583744580667,-0.416255419333
periodic_diagonal_augmented_control,n48,48,0.020833333333,7,1301,3.6,0.29942202129,0.542037516661,0.55240091707,-0.44759908293
periodic_diagonal_augmented_control,n48,48,0.020833333333,7,1301,4.2,0.296738268472,0.565938018032,0.524329977873,-0.475670022127
periodic_diagonal_augmented_control,n48,48,0.020833333333,7,1302,0.0,0.263653418153,0.320037906875,0.823819342926,-0.176180657074
periodic_diagonal_augmented_control,n48,48,0.020833333333,7,1302,0.4,0.278001844234,0.351890760207,0.79002314261,-0.20997685739
periodic_diagonal_augmented_control,n48,48,0.020833333333,7,1302,0.8,0.289204872926,0.381934126735,0.757211395059,-0.242788604941
periodic_diagonal_augmented_control,n48,48,0.020833333333,7,1302,1.2,0.297628558815,0.410131278892,0.72569095344,-0.27430904656
periodic_diagonal_augmented_control,n48,48,0.020833333333,7,1302,1.6,0.303634849571,0.436483863947,0.695638200289,-0.304361799711
periodic_diagonal_augmented_control,n48,48,0.020833333333,7,1302,2.0,0.307562491114,0.461019435157,0.667135629562,-0.332864370438
periodic_diagonal_augmented_control,n48,48,0.020833333333,7,1302,2.4,0.309717532968,0.483782902752,0.640199418389,-0.359800581611
periodic_diagonal_augmented_control,n48,48,0.020833333333,7,1302,3.0,0.310207591892,0.514730727422,0.602659945027,-0.397340054973
periodic_diagonal_augmented_control,n48,48,0.020833333333,7,1302,3.6,0.308073690329,0.542037516661,0.568362301241,-0.431637698759
periodic_diagonal_augmented_control,n48,48,0.020833333333,7,1302,4.2,0.303923759699,0.565938018032,0.537026582443,-0.462973417557
periodic_diagonal_augmented_control,n48,48,0.020833333333,7,1303,0.0,0.106719176533,0.320037906875,0.333457925578,-0.666542074422
periodic_diagonal_augmented_control,n48,48,0.020833333333,7,1303,0.4,0.115337013147,0.351890760207,0.327763687456,-0.672236312544
periodic_diagonal_augmented_control,n48,48,0.020833333333,7,1303,0.8,0.122990136624,0.381934126735,0.322019238436,-0.677980761564
periodic_diagonal_augmented_control,n48,48,0.020833333333,7,1303,1.2,0.12971177497,0.410131278892,0.316268915944,-0.683731084056
periodic_diagonal_augmented_control,n48,48,0.020833333333,7,1303,1.6,0.135545520857,0.436483863947,0.310539591616,-0.689460408384
periodic_diagonal_augmented_control,n48,48,0.020833333333,7,1303,2.0,0.140540643112,0.461019435157,0.304847545232,-0.695152454768
periodic_diagonal_augmented_control,n48,48,0.020833333333,7,1303,2.4,0.144749360212,0.483782902752,0.299203133035,-0.700796866965
periodic_diagonal_augmented_control,n48,48,0.020833333333,7,1303,3.0,0.149705105486,0.514730727422,0.29084159447,-0.70915840553
periodic_diagonal_augmented_control,n48,48,0.020833333333,7,1303,3.6,0.153192853934,0.542037516661,0.282624079007,-0.717375920993
periodic_diagonal_augmented_control,n48,48,0.020833333333,7,1303,4.2,0.155389649255,0.565938018032,0.274570084186,-0.725429915814
periodic_diagonal_augmented_control,n60,60,0.016666666667,3,1301,0.0,0.450124743243,0.320037906897,1.406473213147,0.406473213147
periodic_diagonal_augmented_control,n60,60,0.016666666667,3,1301,0.4,0.471825842851,0.340787700605,1.384515468173,0.384515468173
periodic_diagonal_augmented_control,n60,60,0.016666666667,3,1301,0.8,0.49094362416,0.360780750948,1.360781091756,0.360781091756
periodic_diagonal_augmented_control,n60,60,0.016666666667,3,1301,1.2,0.507713816705,0.380004114408,1.336074525131,0.336074525131
periodic_diagonal_augmented_control,n60,60,0.016666666667,3,1301,1.6,0.522379449057,0.398452708094,1.311019949031,0.311019949031
periodic_diagonal_augmented_control,n60,60,0.016666666667,3,1301,2.0,0.535174369294,0.416127529843,1.286082585057,0.286082585057
periodic_diagonal_augmented_control,n60,60,0.016666666667,3,1301,2.4,0.546314208517,0.433034280509,1.261595751437,0.261595751437
periodic_diagonal_augmented_control,n60,60,0.016666666667,3,1301,3.0,0.560337561932,0.456975466013,1.226187407436,0.226187407436
periodic_diagonal_augmented_control,n60,60,0.016666666667,3,1301,3.6,0.571623987751,0.479252696049,1.192740265132,0.192740265132
periodic_diagonal_augmented_control,n60,60,0.016666666667,3,1301,4.2,0.580625003447,0.499918018436,1.161440440302,0.161440440302
periodic_diagonal_augmented_control,n60,60,0.016666666667,3,1302,0.0,0.246588681055,0.320037906897,0.77049835579,-0.22950164421
periodic_diagonal_augmented_control,n60,60,0.016666666667,3,1302,0.4,0.261977122198,0.340787700605,0.768739956674,-0.231260043326
periodic_diagonal_augmented_control,n60,60,0.016666666667,3,1302,0.8,0.276520073992,0.360780750948,0.766449078187,-0.233550921813
periodic_diagonal_augmented_control,n60,60,0.016666666667,3,1302,1.2,0.290176692207,0.380004114408,0.763614606277,-0.236385393723
periodic_diagonal_augmented_control,n60,60,0.016666666667,3,1302,1.6,0.302922649145,0.398452708094,0.760247434618,-0.239752565382
periodic_diagonal_augmented_control,n60,60,0.016666666667,3,1302,2.0,0.314748274325,0.416127529843,0.756374552877,-0.243625447123
periodic_diagonal_augmented_control,n60,60,0.016666666667,3,1302,2.4,0.325656450188,0.433034280509,0.752033880102,-0.247966119898
periodic_diagonal_augmented_control,n60,60,0.016666666667,3,1302,3.0,0.340329835916,0.456975466013,0.744744217639,-0.255255782361
periodic_diagonal_augmented_control,n60,60,0.016666666667,3,1302,3.6,0.353048434543,0.479252696049,0.736664472529,-0.263335527471
periodic_diagonal_augmented_control,n60,60,0.016666666667,3,1302,4.2,0.363917831105,0.499918018436,0.727955019992,-0.272044980008
periodic_diagonal_augmented_control,n60,60,0.016666666667,3,1303,0.0,0.11368053444,0.320037906897,0.355209592333,-0.644790407667
periodic_diagonal_augmented_control,n60,60,0.016666666667,3,1303,0.4,0.12118342708,0.340787700605,0.355598006809,-0.644401993191
periodic_diagonal_augmented_control,n60,60,0.016666666667,3,1303,0.8,0.128439462953,0.360780750948,0.356004200932,-0.643995799068
periodic_diagonal_augmented_control,n60,60,0.016666666667,3,1303,1.2,0.13544348198,0.380004114408,0.356426356571,-0.643573643429
periodic_diagonal_augmented_control,n60,60,0.016666666667,3,1303,1.6,0.142192229366,0.398452708094,0.356860993733,-0.643139006267
periodic_diagonal_augmented_control,n60,60,0.016666666667,3,1303,2.0,0.148683681989,0.416127529843,0.357303161473,-0.642696838527
periodic_diagonal_augmented_control,n60,60,0.016666666667,3,1303,2.4,0.15491658206,0.433034280509,0.357746693583,-0.642253306417
periodic_diagonal_augmented_control,n60,60,0.016666666667,3,1303,3.0,0.163779474072,0.456975466013,0.358398833751,-0.641601166249
periodic_diagonal_augmented_control,n60,60,0.016666666667,3,1303,3.6,0.172057220188,0.479252696049,0.359011481014,-0.640988518986
periodic_diagonal_augmented_control,n60,60,0.016666666667,3,1303,4.2,0.179748930123,0.499918018436,0.359556814306,-0.640443185694
periodic_diagonal_augmented_control,n60,60,0.016666666667,5,1301,0.0,0.453939209315,0.320037906897,1.418392007733,0.418392007733
periodic_diagonal_augmented_control,n60,60,0.016666666667,5,1301,0.4,0.466984183015,0.340787700605,1.370308207091,0.370308207091
periodic_diagonal_augmented_control,n60,60,0.016666666667,5,1301,0.8,0.478159484811,0.360780750948,1.325346442555,0.325346442555
periodic_diagonal_augmented_control,n60,60,0.016666666667,5,1301,1.2,0.487718066742,0.380004114408,1.283454700226,0.283454700226
periodic_diagonal_augmented_control,n60,60,0.016666666667,5,1301,1.6,0.495875782079,0.398452708094,1.244503480604,0.244503480604
periodic_diagonal_augmented_control,n60,60,0.016666666667,5,1301,2.0,0.502814737433,0.416127529843,1.208318847886,0.208318847886
periodic_diagonal_augmented_control,n60,60,0.016666666667,5,1301,2.4,0.508687684017,0.433034280509,1.17470534531,0.17470534531
periodic_diagonal_augmented_control,n60,60,0.016666666667,5,1301,3.0,0.515772419591,0.456975466013,1.128665449133,0.128665449133
periodic_diagonal_augmented_control,n60,60,0.016666666667,5,1301,3.6,0.521090203585,0.479252696049,1.08729738587,0.08729738587
periodic_diagonal_augmented_control,n60,60,0.016666666667,5,1301,4.2,0.524911403453,0.499918018436,1.049994967366,0.049994967366
periodic_diagonal_augmented_control,n60,60,0.016666666667,5,1302,0.0,0.210635619788,0.320037906897,0.658158347021,-0.341841652979
periodic_diagonal_augmented_control,n60,60,0.016666666667,5,1302,0.4,0.222537845763,0.340787700605,0.653010203619,-0.346989796381
periodic_diagonal_augmented_control,n60,60,0.016666666667,5,1302,0.8,0.23359353782,0.360780750948,0.647466743184,-0.352533256816
periodic_diagonal_augmented_control,n60,60,0.016666666667,5,1302,1.2,0.243775657223,0.380004114408,0.641507941573,-0.358492058427
periodic_diagonal_augmented_control,n60,60,0.016666666667,5,1302,1.6,0.253072355791,0.398452708094,0.63513774822,-0.36486225178
periodic_diagonal_augmented_control,n60,60,0.016666666667,5,1302,2.0,0.261485557312,0.416127529843,0.62837841421,-0.37162158579
periodic_diagonal_augmented_control,n60,60,0.016666666667,5,1302,2.4,0.269029114352,0.433034280509,0.621265166433,-0.378734833567
periodic_diagonal_augmented_control,n60,60,0.016666666667,5,1302,3.0,0.278767961159,0.456975466013,0.610028287932,-0.389971712068
periodic_diagonal_augmented_control,n60,60,0.016666666667,5,1302,3.6,0.286716195403,0.479252696049,0.598256823105,-0.401743176895
periodic_diagonal_augmented_control,n60,60,0.016666666667,5,1302,4.2,0.293009631915,0.499918018436,0.586115365138,-0.413884634862
periodic_diagonal_augmented_control,n60,60,0.016666666667,5,1303,0.0,0.180388246969,0.320037906897,0.563646502748,-0.436353497252
periodic_diagonal_augmented_control,n60,60,0.016666666667,5,1303,0.4,0.192159858864,0.340787700605,0.563869701056,-0.436130298944
periodic_diagonal_augmented_control,n60,60,0.016666666667,5,1303,0.8,0.20322377165,0.360780750948,0.563288842644,-0.436711157356
periodic_diagonal_augmented_control,n60,60,0.016666666667,5,1303,1.2,0.213543186724,0.380004114408,0.56194967009,-0.43805032991
periodic_diagonal_augmented_control,n60,60,0.016666666667,5,1303,1.6,0.22309753195,0.398452708094,0.5599096892,-0.4400903108
periodic_diagonal_augmented_control,n60,60,0.016666666667,5,1303,2.0,0.231880319871,0.416127529843,0.557233788302,-0.442766211698
periodic_diagonal_augmented_control,n60,60,0.016666666667,5,1303,2.4,0.239896928768,0.433034280509,0.553990618216,-0.446009381784
periodic_diagonal_augmented_control,n60,60,0.016666666667,5,1303,3.0,0.250520332184,0.456975466013,0.548213965117,-0.451786034883
periodic_diagonal_augmented_control,n60,60,0.016666666667,5,1303,3.6,0.259536473225,0.479252696049,0.541544106824,-0.458455893176
periodic_diagonal_augmented_control,n60,60,0.016666666667,5,1303,4.2,0.267051304462,0.499918018436,0.53419019642,-0.46580980358
periodic_diagonal_augmented_control,n60,60,0.016666666667,7,1301,0.0,0.262709063426,0.320037906897,0.820868583889,-0.179131416111
periodic_diagonal_augmented_control,n60,60,0.016666666667,7,1301,0.4,0.270434133865,0.340787700605,0.793556027358,-0.206443972642
periodic_diagonal_augmented_control,n60,60,0.016666666667,7,1301,0.8,0.27696650495,0.360780750948,0.767686480563,-0.232313519437
periodic_diagonal_augmented_control,n60,60,0.016666666667,7,1301,1.2,0.282452607908,0.380004114408,0.743288288728,-0.256711711272
periodic_diagonal_augmented_control,n60,60,0.016666666667,7,1301,1.6,0.287019080751,0.398452708094,0.72033411976,-0.27966588024
periodic_diagonal_augmented_control,n60,60,0.016666666667,7,1301,2.0,0.29077418065,0.416127529843,0.698762181775,-0.301237818225
periodic_diagonal_augmented_control,n60,60,0.016666666667,7,1301,2.4,0.293809959292,0.433034280509,0.678491224636,-0.321508775364
periodic_diagonal_augmented_control,n60,60,0.016666666667,7,1301,3.0,0.297182760832,0.456975466013,0.65032541774,-0.34967458226
periodic_diagonal_augmented_control,n60,60,0.016666666667,7,1301,3.6,0.29932754536,0.479252696049,0.624571437632,-0.375428562368
periodic_diagonal_augmented_control,n60,60,0.016666666667,7,1301,4.2,0.300417222519,0.499918018436,0.600932975888,-0.399067024112
periodic_diagonal_augmented_control,n60,60,0.016666666667,7,1302,0.0,0.263653418157,0.320037906897,0.823819342882,-0.176180657118
periodic_diagonal_augmented_control,n60,60,0.016666666667,7,1302,0.4,0.273311188748,0.340787700605,0.801998394492,-0.198001605508
periodic_diagonal_augmented_control,n60,60,0.016666666667,7,1302,0.8,0.281601195108,0.360780750948,0.78053275949,-0.21946724051
periodic_diagonal_augmented_control,n60,60,0.016666666667,7,1302,1.2,0.288622880544,0.380004114408,0.759525672489,-0.240474327511
periodic_diagonal_augmented_control,n60,60,0.016666666667,7,1302,1.6,0.294477430698,0.398452708094,0.739052401242,-0.260947598758
periodic_diagonal_augmented_control,n60,60,0.016666666667,7,1302,2.0,0.299264642417,0.416127529843,0.719165690695,-0.280834309305
periodic_diagonal_augmented_control,n60,60,0.016666666667,7,1302,2.4,0.303080731907,0.433034280509,0.699900090012,-0.300099909988
periodic_diagonal_augmented_control,n60,60,0.016666666667,7,1302,3.0,0.307181898025,0.456975466013,0.67220654252,-0.32779345748
periodic_diagonal_augmented_control,n60,60,0.016666666667,7,1302,3.6,0.309584322927,0.479252696049,0.645973044032,-0.354026955968
periodic_diagonal_augmented_control,n60,60,0.016666666667,7,1302,4.2,0.310538390538,0.499918018436,0.621178631468,-0.378821368532
periodic_diagonal_augmented_control,n60,60,0.016666666667,7,1303,0.0,0.106719176527,0.320037906897,0.333457925537,-0.666542074463
periodic_diagonal_augmented_control,n60,60,0.016666666667,7,1303,0.4,0.112391654112,0.340787700605,0.329799619857,-0.670200380143
periodic_diagonal_augmented_control,n60,60,0.016666666667,7,1303,0.8,0.117656064108,0.360780750948,0.326115137238,-0.673884862762
periodic_diagonal_augmented_control,n60,60,0.016666666667,7,1303,1.2,0.122520632987,0.380004114408,0.322419227429,-0.677580772571
periodic_diagonal_augmented_control,n60,60,0.016666666667,7,1303,1.6,0.126995874122,0.398452708094,0.318722577465,-0.681277422535
periodic_diagonal_augmented_control,n60,60,0.016666666667,7,1303,2.0,0.131093832422,0.416127529843,0.315032827728,-0.684967172272
periodic_diagonal_augmented_control,n60,60,0.016666666667,7,1303,2.4,0.134827564479,0.433034280509,0.311355406599,-0.688644593401
periodic_diagonal_augmented_control,n60,60,0.016666666667,7,1303,3.0,0.139775345937,0.456975466013,0.305870569282,-0.694129430718
periodic_diagonal_augmented_control,n60,60,0.016666666667,7,1303,3.6,0.143982359489,0.479252696049,0.300430984899,-0.699569015101
periodic_diagonal_augmented_control,n60,60,0.016666666667,7,1303,4.2,0.147497262827,0.499918018436,0.295042901811,-0.704957098189
periodic_diagonal_augmented_control,n72,72,0.013888888889,3,1301,0.0,0.450124743239,0.32003790691,1.40647321308,0.40647321308
periodic_diagonal_augmented_control,n72,72,0.013888888889,3,1301,0.4,0.465559586347,0.334588807853,1.391438014124,0.391438014124
periodic_diagonal_augmented_control,n72,72,0.013888888889,3,1301,0.8,0.479698043084,0.348770373408,1.375397911231,0.375397911231
periodic_diagonal_augmented_control,n72,72,0.013888888889,3,1301,1.2,0.492618582004,0.362577614138,1.358656913154,0.358656913154
periodic_diagonal_augmented_control,n72,72,0.013888888889,3,1301,1.6,0.504404391357,0.37600758117,1.341473993124,0.341473993124
periodic_diagonal_augmented_control,n72,72,0.013888888889,3,1301,2.0,0.515139493673,0.389059028271,1.324065132127,0.324065132127
periodic_diagonal_augmented_control,n72,72,0.013888888889,3,1301,2.4,0.524906004704,0.401732130833,1.306606976185,0.306606976185
periodic_diagonal_augmented_control,n72,72,0.013888888889,3,1301,3.0,0.537909845725,0.420035644684,1.280629043114,0.280629043114
periodic_diagonal_augmented_control,n72,72,0.013888888889,3,1301,3.6,0.549153222152,0.437499784415,1.255207983443,0.255207983443
periodic_diagonal_augmented_control,n72,72,0.013888888889,3,1301,4.2,0.558852088885,0.454136991375,1.230580418462,0.230580418462
periodic_diagonal_augmented_control,n72,72,0.013888888889,3,1302,0.0,0.246588681046,0.32003790691,0.770498355731,-0.229501644269
periodic_diagonal_augmented_control,n72,72,0.013888888889,3,1302,0.4,0.257412445759,0.334588807853,0.769339678189,-0.230660321811
periodic_diagonal_augmented_control,n72,72,0.013888888889,3,1302,0.8,0.26782996625,0.348770373408,0.767926368381,-0.232073631619
periodic_diagonal_augmented_control,n72,72,0.013888888889,3,1302,1.2,0.277825262855,0.362577614138,0.766250457892,-0.233749542108
periodic_diagonal_augmented_control,n72,72,0.013888888889,3,1302,1.6,0.287386409742,0.37600758117,0.764310147278,-0.235689852722
periodic_diagonal_augmented_control,n72,72,0.013888888889,3,1302,2.0,0.296505290143,0.389059028271,0.762108751109,-0.237891248891
periodic_diagonal_augmented_control,n72,72,0.013888888889,3,1302,2.4,0.30517729876,0.401732130833,0.759653697919,-0.240346302081
periodic_diagonal_augmented_control,n72,72,0.013888888889,3,1302,3.0,0.317345091168,0.420035644684,0.755519430755,-0.244480569245
periodic_diagonal_augmented_control,n72,72,0.013888888889,3,1302,3.6,0.328511625276,0.437499784415,0.750884084926,-0.249115915074
periodic_diagonal_augmented_control,n72,72,0.013888888889,3,1302,4.2,0.33869529916,0.454136991375,0.745799848048,-0.254200151952
periodic_diagonal_augmented_control,n72,72,0.013888888889,3,1303,0.0,0.113680534442,0.32003790691,0.355209592326,-0.644790407674
periodic_diagonal_augmented_control,n72,72,0.013888888889,3,1303,0.4,0.118938822743,0.334588807853,0.355477589064,-0.644522410936
periodic_diagonal_augmented_control,n72,72,0.013888888889,3,1303,0.8,0.124076580526,0.348770373408,0.355754358703,-0.644245641297
periodic_diagonal_augmented_control,n72,72,0.013888888889,3,1303,1.2,0.129091982238,0.362577614138,0.35603958216,-0.64396041784
periodic_diagonal_augmented_control,n72,72,0.013888888889,3,1303,1.6,0.133983732937,0.37600758117,0.356332530637,-0.643667469363
periodic_diagonal_augmented_control,n72,72,0.013888888889,3,1303,2.0,0.138750931814,0.389059028271,0.356632083389,-0.643367916611
periodic_diagonal_augmented_control,n72,72,0.013888888889,3,1303,2.4,0.143392964499,0.401732130833,0.356936758336,-0.643063241664
periodic_diagonal_augmented_control,n72,72,0.013888888889,3,1303,3.0,0.150120466911,0.420035644684,0.357399351247,-0.642600648753
periodic_diagonal_augmented_control,n72,72,0.013888888889,3,1303,3.6,0.156564606749,0.437499784415,0.357862134625,-0.642137865375
periodic_diagonal_augmented_control,n72,72,0.013888888889,3,1303,4.2,0.162724935837,0.454136991375,0.358316849162,-0.641683150838
periodic_diagonal_augmented_control,n72,72,0.013888888889,5,1301,0.0,0.453939209317,0.32003790691,1.418392007685,0.418392007685
periodic_diagonal_augmented_control,n72,72,0.013888888889,5,1301,0.4,0.463256513275,0.334588807853,1.384554720308,0.384554720308
periodic_diagonal_augmented_control,n72,72,0.013888888889,5,1301,0.8,0.471620474091,0.348770373408,1.352237776055,0.352237776055
periodic_diagonal_augmented_control,n72,72,0.013888888889,5,1301,1.2,0.479124089914,0.362577614138,1.321438696795,0.321438696795
periodic_diagonal_augmented_control,n72,72,0.013888888889,5,1301,1.6,0.485850981626,0.37600758117,1.292130813199,0.292130813199
periodic_diagonal_augmented_control,n72,72,0.013888888889,5,1301,2.0,0.491875753528,0.389059028271,1.264270246379,0.264270246379
periodic_diagonal_augmented_control,n72,72,0.013888888889,5,1301,2.4,0.497264610778,0.401732130833,1.23780144184,0.23780144184
periodic_diagonal_augmented_control,n72,72,0.013888888889,5,1301,3.0,0.504281744384,0.420035644684,1.200568929724,0.200568929724
periodic_diagonal_augmented_control,n72,72,0.013888888889,5,1301,3.6,0.510167705629,0.437499784415,1.16609818748,0.16609818748
periodic_diagonal_augmented_control,n72,72,0.013888888889,5,1301,4.2,0.515063060447,0.454136991375,1.134157908801,0.134157908801
periodic_diagonal_augmented_control,n72,72,0.013888888889,5,1302,0.0,0.210635619783,0.32003790691,0.65815834698,-0.34184165302
periodic_diagonal_augmented_control,n72,72,0.013888888889,5,1302,0.4,0.219028440497,0.334588807853,0.654619746255,-0.345380253745
periodic_diagonal_augmented_control,n72,72,0.013888888889,5,1302,0.8,0.227013215781,0.348770373408,0.650895927779,-0.349104072221
periodic_diagonal_augmented_control,n72,72,0.013888888889,5,1302,1.2,0.234578808381,0.362577614138,0.646975431561,-0.353024568439
periodic_diagonal_augmented_control,n72,72,0.013888888889,5,1302,1.6,0.241717736575,0.37600758117,0.642853359027,-0.357146640973
periodic_diagonal_augmented_control,n72,72,0.013888888889,5,1302,2.0,0.248426029813,0.389059028271,0.638530433075,-0.361469566925
periodic_diagonal_augmented_control,n72,72,0.013888888889,5,1302,2.4,0.254703007424,0.401732130833,0.634012039058,-0.365987960942
periodic_diagonal_augmented_control,n72,72,0.013888888889,5,1302,3.0,0.26331560295,0.420035644684,0.626888708809,-0.373111291191
periodic_diagonal_augmented_control,n72,72,0.013888888889,5,1302,3.6,0.270982504145,0.437499784415,0.619388886116,-0.380611113884
periodic_diagonal_augmented_control,n72,72,0.013888888889,5,1302,4.2,0.277733682224,0.454136991375,0.611563663606,-0.388436336394
periodic_diagonal_augmented_control,n72,72,0.013888888889,5,1303,0.0,0.180388246968,0.32003790691,0.563646502721,-0.436353497279
periodic_diagonal_augmented_control,n72,72,0.013888888889,5,1303,0.4,0.18867356551,0.334588807853,0.563896822254,-0.436103177746
periodic_diagonal_augmented_control,n72,72,0.013888888889,5,1303,0.8,0.196619633289,0.348770373408,0.563750961322,-0.436249038678
periodic_diagonal_augmented_control,n72,72,0.013888888889,5,1303,1.2,0.204211760602,0.362577614138,0.563222197507,-0.436777802493
periodic_diagonal_augmented_control,n72,72,0.013888888889,5,1303,1.6,0.211439322444,0.37600758117,0.562327285492,-0.437672714508
periodic_diagonal_augmented_control,n72,72,0.013888888889,5,1303,2.0,0.21829543056,0.389059028271,0.561085631479,-0.438914368521
periodic_diagonal_augmented_control,n72,72,0.013888888889,5,1303,2.4,0.224776584307,0.401732130833,0.559518562383,-0.440481437617
periodic_diagonal_augmented_control,n72,72,0.013888888889,5,1303,3.0,0.233794977784,0.420035644684,0.556607470683,-0.443392529317
periodic_diagonal_augmented_control,n72,72,0.013888888889,5,1303,3.6,0.241978547873,0.437499784415,0.553094096256,-0.446905903744
periodic_diagonal_augmented_control,n72,72,0.013888888889,5,1303,4.2,0.249347379754,0.454136991375,0.549057629063,-0.450942370937
periodic_diagonal_augmented_control,n72,72,0.013888888889,7,1301,0.0,0.262709063413,0.32003790691,0.820868583818,-0.179131416182
periodic_diagonal_augmented_control,n72,72,0.013888888889,7,1301,0.4,0.26823738686,0.334588807853,0.801692646509,-0.198307353491
periodic_diagonal_augmented_control,n72,72,0.013888888889,7,1301,0.8,0.273160226829,0.348770373408,0.783209376874,-0.216790623126
periodic_diagonal_augmented_control,n72,72,0.013888888889,7,1301,1.2,0.27753117285,0.362577614138,0.765439348785,-0.234560651215
periodic_diagonal_augmented_control,n72,72,0.013888888889,7,1301,1.6,0.281398862908,0.37600758117,0.748386141664,-0.251613858336
periodic_diagonal_augmented_control,n72,72,0.013888888889,7,1301,2.0,0.284807081255,0.389059028271,0.732040797307,-0.267959202693
periodic_diagonal_augmented_control,n72,72,0.013888888889,7,1301,2.4,0.287795030734,0.401732130833,0.716385393763,-0.283614606237
periodic_diagonal_augmented_control,n72,72,0.013888888889,7,1301,3.0,0.291564435232,0.420035644684,0.694142125609,-0.305857874391
periodic_diagonal_augmented_control,n72,72,0.013888888889,7,1301,3.6,0.294568524381,0.437499784415,0.673299816079,-0.326700183921
periodic_diagonal_augmented_control,n72,72,0.013888888889,7,1301,4.2,0.296893564158,0.454136991375,0.653753316283,-0.346246683717
periodic_diagonal_augmented_control,n72,72,0.013888888889,7,1302,0.0,0.26365341815,0.32003790691,0.823819342826,-0.176180657174
periodic_diagonal_augmented_control,n72,72,0.013888888889,7,1302,0.4,0.270547088495,0.334588807853,0.808595751396,-0.191404248604
periodic_diagonal_augmented_control,n72,72,0.013888888889,7,1302,0.8,0.276759247294,0.348770373408,0.793528545987,-0.206471454013
periodic_diagonal_augmented_control,n72,72,0.013888888889,7,1302,1.2,0.282323699747,0.362577614138,0.778657282574,-0.221342717426
periodic_diagonal_augmented_control,n72,72,0.013888888889,7,1302,1.6,0.287275052551,0.37600758117,0.764013990508,-0.235986009492
periodic_diagonal_augmented_control,n72,72,0.013888888889,7,1302,2.0,0.29164809397,0.389059028271,0.749624280065,-0.250375719935
periodic_diagonal_augmented_control,n72,72,0.013888888889,7,1302,2.4,0.295477297769,0.401732130833,0.735508253115,-0.264491746885
periodic_diagonal_augmented_control,n72,72,0.013888888889,7,1302,3.0,0.300275014004,0.420035644684,0.714879838901,-0.285120161099
periodic_diagonal_augmented_control,n72,72,0.013888888889,7,1302,3.6,0.304034372094,0.437499784415,0.694936050084,-0.305063949916
periodic_diagonal_augmented_control,n72,72,0.013888888889,7,1302,4.2,0.306858376337,0.454136991375,0.675695620849,-0.324304379151
periodic_diagonal_augmented_control,n72,72,0.013888888889,7,1303,0.0,0.106719176528,0.32003790691,0.333457925526,-0.666542074474
periodic_diagonal_augmented_control,n72,72,0.013888888889,7,1303,0.4,0.110719518964,0.334588807853,0.330912201382,-0.669087798618
periodic_diagonal_augmented_control,n72,72,0.013888888889,7,1303,0.8,0.114519474669,0.348770373408,0.328352071738,-0.671647928262
periodic_diagonal_augmented_control,n72,72,0.013888888889,7,1303,1.2,0.118121690361,0.362577614138,0.32578318615,-0.67421681385
periodic_diagonal_augmented_control,n72,72,0.013888888889,7,1303,1.6,0.121529438426,0.37600758117,0.323210074776,-0.676789925224
periodic_diagonal_augmented_control,n72,72,0.013888888889,7,1303,2.0,0.124746461885,0.389059028271,0.320636337473,-0.679363662527
periodic_diagonal_augmented_control,n72,72,0.013888888889,7,1303,2.4,0.127776855429,0.401732130833,0.318064813895,-0.681935186105
periodic_diagonal_augmented_control,n72,72,0.013888888889,7,1303,3.0,0.131982095872,0.420035644684,0.314216418397,-0.685783581603
periodic_diagonal_augmented_control,n72,72,0.013888888889,7,1303,3.6,0.135792713181,0.437499784415,0.310383497361,-0.689616502639
periodic_diagonal_augmented_control,n72,72,0.013888888889,7,1303,4.2,0.13922475745,0.454136991375,0.30656995597,-0.69343004403
periodic_diagonal_augmented_control,n84,84,0.011904761905,3,1301,0.0,0.450124743243,0.320037906917,1.406473213058,0.406473213058
periodic_diagonal_augmented_control,n84,84,0.011904761905,3,1301,0.4,0.461630829766,0.330792046948,1.3955318274,0.3955318274
periodic_diagonal_augmented_control,n84,84,0.011904761905,3,1301,0.8,0.472420463127,0.341345326033,1.383995699067,0.383995699067
periodic_diagonal_augmented_control,n84,84,0.011904761905,3,1301,1.2,0.482524276917,0.35169560342,1.371994054591,0.371994054591
periodic_diagonal_augmented_control,n84,84,0.011904761905,3,1301,1.6,0.491974976397,0.361841373735,1.359642683527,0.359642683527
periodic_diagonal_augmented_control,n84,84,0.011904761905,3,1301,2.0,0.500806310607,0.371781687084,1.347044053016,0.347044053016
periodic_diagonal_augmented_control,n84,84,0.011904761905,3,1301,2.4,0.509052255975,0.381516079476,1.334287814747,0.334287814747
periodic_diagonal_augmented_control,n84,84,0.011904761905,3,1301,3.0,0.520396784093,0.395731584533,1.315024639004,0.315024639004
periodic_diagonal_augmented_control,n84,84,0.011904761905,3,1301,3.6,0.530608796398,0.409485157516,1.295794943134,0.295794943134
periodic_diagonal_augmented_control,n84,84,0.011904761905,3,1301,4.2,0.539790907281,0.422779736331,1.276766270695,0.276766270695
periodic_diagonal_augmented_control,n84,84,0.011904761905,3,1302,0.0,0.246588681051,0.320037906917,0.77049835573,-0.22950164427
periodic_diagonal_augmented_control,n84,84,0.011904761905,3,1302,0.4,0.254602258624,0.330792046948,0.769674667132,-0.230325332868
periodic_diagonal_augmented_control,n84,84,0.011904761905,3,1302,0.8,0.262397176574,0.341345326033,0.768714719556,-0.231285280444
periodic_diagonal_augmented_control,n84,84,0.011904761905,3,1302,1.2,0.269966537222,0.35169560342,0.767614194197,-0.232385805803
periodic_diagonal_augmented_control,n84,84,0.011904761905,3,1302,1.6,0.277304651216,0.361841373735,0.766370767261,-0.233629232739
periodic_diagonal_augmented_control,n84,84,0.011904761905,3,1302,2.0,0.28440699594,0.371781687084,0.764983875809,-0.235016124191
periodic_diagonal_augmented_control,n84,84,0.011904761905,3,1302,2.4,0.291270162681,0.381516079476,0.763454486848,-0.236545513152
periodic_diagonal_augmented_control,n84,84,0.011904761905,3,1302,3.0,0.301111570197,0.395731584533,0.760898502839,-0.239101497161
periodic_diagonal_augmented_control,n84,84,0.011904761905,3,1302,3.6,0.310405876497,0.409485157516,0.758039383844,-0.241960616156
periodic_diagonal_augmented_control,n84,84,0.011904761905,3,1302,4.2,0.319153623011,0.422779736331,0.754893377295,-0.245106622705
periodic_diagonal_augmented_control,n84,84,0.011904761905,3,1303,0.0,0.113680534436,0.320037906917,0.355209592297,-0.644790407703
periodic_diagonal_augmented_control,n84,84,0.011904761905,3,1303,0.4,0.117565382212,0.330792046948,0.355405709709,-0.644594290291
periodic_diagonal_augmented_control,n84,84,0.011904761905,3,1303,0.8,0.12138464979,0.341345326033,0.355606596993,-0.644393403007
periodic_diagonal_augmented_control,n84,84,0.011904761905,3,1303,1.2,0.125137586052,0.35169560342,0.35581219906,-0.64418780094
periodic_diagonal_augmented_control,n84,84,0.011904761905,3,1303,1.6,0.128823612369,0.361841373735,0.3560223394,-0.6439776606
periodic_diagonal_augmented_control,n84,84,0.011904761905,3,1303,2.0,0.132442289303,0.371781687084,0.356236721454,-0.643763278546
periodic_diagonal_augmented_control,n84,84,0.011904761905,3,1303,2.4,0.135993288413,0.381516079476,0.356454932647,-0.643545067353
periodic_diagonal_augmented_control,n84,84,0.011904761905,3,1303,3.0,0.141192382706,0.395731584533,0.356788258063,-0.643211741937
periodic_diagonal_augmented_control,n84,84,0.011904761905,3,1303,3.6,0.146238130092,0.409485157516,0.357126814997,-0.642873185003
periodic_diagonal_augmented_control,n84,84,0.011904761905,3,1303,4.2,0.151130214897,0.422779736331,0.357467971878,-0.642532028122
periodic_diagonal_augmented_control,n84,84,0.011904761905,5,1301,0.0,0.453939209327,0.320037906917,1.418392007683,0.418392007683
periodic_diagonal_augmented_control,n84,84,0.011904761905,5,1301,0.4,0.460903284936,0.330792046948,1.393332424975,0.393332424975
periodic_diagonal_augmented_control,n84,84,0.011904761905,5,1301,0.8,0.467334766736,0.341345326033,1.369096721395,0.369096721395
periodic_diagonal_augmented_control,n84,84,0.011904761905,5,1301,1.2,0.473272662957,0.35169560342,1.345688312152,0.345688312152
periodic_diagonal_augmented_control,n84,84,0.011904761905,5,1301,1.6,0.478753137654,0.361841373735,1.32310225531,0.32310225531
periodic_diagonal_augmented_control,n84,84,0.011904761905,5,1301,2.0,0.483809545992,0.371781687084,1.301326995923,0.301326995923
periodic_diagonal_augmented_control,n84,84,0.011904761905,5,1301,2.4,0.488472530149,0.381516079476,1.280345852841,0.280345852841
periodic_diagonal_augmented_control,n84,84,0.011904761905,5,1301,3.0,0.494790063494,0.395731584533,1.250317343454,0.250317343454
periodic_diagonal_augmented_control,n84,84,0.011904761905,5,1301,3.6,0.500369682456,0.409485157516,1.221948276444,0.221948276444
periodic_diagonal_augmented_control,n84,84,0.011904761905,5,1301,4.2,0.505285190887,0.422779736331,1.195149974008,0.195149974008
periodic_diagonal_augmented_control,n84,84,0.011904761905,5,1302,0.0,0.210635619783,0.320037906917,0.658158346964,-0.341841653036
periodic_diagonal_augmented_control,n84,84,0.011904761905,5,1302,0.4,0.216858748135,0.330792046948,0.655574250156,-0.344425749844
periodic_diagonal_augmented_control,n84,84,0.011904761905,5,1302,0.8,0.222861807499,0.341345326033,0.652892512367,-0.347107487633
periodic_diagonal_augmented_control,n84,84,0.011904761905,5,1302,1.2,0.228639885224,0.35169560342,0.650107317238,-0.349892682762
periodic_diagonal_augmented_control,n84,84,0.011904761905,5,1302,1.6,0.234189141087,0.361841373735,0.647214934736,-0.352785065264
periodic_diagonal_augmented_control,n84,84,0.011904761905,5,1302,2.0,0.239506791447,0.371781687084,0.644213525754,-0.355786474246
periodic_diagonal_augmented_control,n84,84,0.011904761905,5,1302,2.4,0.244591078098,0.381516079476,0.641102934467,-0.358897065533
periodic_diagonal_augmented_control,n84,84,0.011904761905,5,1302,3.0,0.251778507154,0.395731584533,0.636235562172,-0.363764437828
periodic_diagonal_augmented_control,n84,84,0.011904761905,5,1302,3.6,0.258440561741,0.409485157516,0.631135358627,-0.368864641373
periodic_diagonal_augmented_control,n84,84,0.011904761905,5,1302,4.2,0.264582670602,0.422779736331,0.625816821066,-0.374183178934
periodic_diagonal_augmented_control,n84,84,0.011904761905,5,1303,0.0,0.180388246967,0.320037906917,0.563646502704,-0.436353497296
periodic_diagonal_augmented_control,n84,84,0.011904761905,5,1303,0.4,0.186524815976,0.330792046948,0.563873338846,-0.436126661154
periodic_diagonal_augmented_control,n84,84,0.011904761905,5,1303,0.8,0.192479090682,0.341345326033,0.563883774003,-0.436116225997
periodic_diagonal_augmented_control,n84,84,0.011904761905,5,1303,1.2,0.198244653966,0.35169560342,0.563682491445,-0.436317508555
periodic_diagonal_augmented_control,n84,84,0.011904761905,5,1303,1.6,0.203816320986,0.361841373735,0.56327533494,-0.43672466506
periodic_diagonal_augmented_control,n84,84,0.011904761905,5,1303,2.0,0.209190072714,0.371781687084,0.562669114648,-0.437330885352
periodic_diagonal_augmented_control,n84,84,0.011904761905,5,1303,2.4,0.214362984892,0.381516079476,0.561871429341,-0.438128570659
periodic_diagonal_augmented_control,n84,84,0.011904761905,5,1303,3.0,0.221741874163,0.395731584533,0.560334031525,-0.439665968475
periodic_diagonal_augmented_control,n84,84,0.011904761905,5,1303,3.6,0.228662283788,0.409485157516,0.558414095337,-0.441585904663
periodic_diagonal_augmented_control,n84,84,0.011904761905,5,1303,4.2,0.235125870011,0.422779736331,0.556142714055,-0.443857285945
periodic_diagonal_augmented_control,n84,84,0.011904761905,7,1301,0.0,0.262709063429,0.320037906917,0.820868583848,-0.179131416152
periodic_diagonal_augmented_control,n84,84,0.011904761905,7,1301,0.4,0.266845761892,0.330792046948,0.806687356466,-0.193312643534
periodic_diagonal_augmented_control,n84,84,0.011904761905,7,1301,0.8,0.270645104082,0.341345326033,0.792877720715,-0.207122279285
periodic_diagonal_augmented_control,n84,84,0.011904761905,7,1301,1.2,0.274129506021,0.35169560342,0.779451046176,-0.220548953824
periodic_diagonal_augmented_control,n84,84,0.011904761905,7,1301,1.6,0.277319894574,0.361841373735,0.766412894445,-0.233587105555
periodic_diagonal_augmented_control,n84,84,0.011904761905,7,1301,2.0,0.280235699641,0.371781687084,0.753764129264,-0.246235870736
periodic_diagonal_augmented_control,n84,84,0.011904761905,7,1301,2.4,0.282894886665,0.381516079476,0.741501870782,-0.258498129218
periodic_diagonal_augmented_control,n84,84,0.011904761905,7,1301,3.0,0.286438370143,0.395731584533,0.723819834804,-0.276180165196
periodic_diagonal_augmented_control,n84,84,0.011904761905,7,1301,3.6,0.289491800563,0.409485157516,0.706965308143,-0.293034691857
periodic_diagonal_augmented_control,n84,84,0.011904761905,7,1301,4.2,0.292099522825,0.422779736331,0.690902372378,-0.309097627622
periodic_diagonal_augmented_control,n84,84,0.011904761905,7,1302,0.0,0.263653418149,0.320037906917,0.823819342802,-0.176180657198
periodic_diagonal_augmented_control,n84,84,0.011904761905,7,1302,0.4,0.268802996861,0.330792046948,0.812604170328,-0.187395829672
periodic_diagonal_augmented_control,n84,84,0.011904761905,7,1302,0.8,0.273577365836,0.341345326033,0.801468029504,-0.198531970496
periodic_diagonal_augmented_control,n84,84,0.011904761905,7,1302,1.2,0.277990032543,0.35169560342,0.790427943483,-0.209572056517
periodic_diagonal_augmented_control,n84,84,0.011904761905,7,1302,1.6,0.282054816433,0.361841373735,0.779498523127,-0.220501476873
periodic_diagonal_augmented_control,n84,84,0.011904761905,7,1302,2.0,0.285785700331,0.371781687084,0.768692246712,-0.231307753288
periodic_diagonal_augmented_control,n84,84,0.011904761905,7,1302,2.4,0.289196703099,0.381516079476,0.75801969735,-0.24198030265
periodic_diagonal_augmented_control,n84,84,0.011904761905,7,1302,3.0,0.293743896281,0.395731584533,0.742280646179,-0.257719353821
periodic_diagonal_augmented_control,n84,84,0.011904761905,7,1302,3.6,0.297649002466,0.409485157516,0.726885937141,-0.273114062859
periodic_diagonal_augmented_control,n84,84,0.011904761905,7,1302,4.2,0.30095697031,0.422779736331,0.711852873842,-0.288147126158
periodic_diagonal_augmented_control,n84,84,0.011904761905,7,1303,0.0,0.106719176531,0.320037906917,0.333457925528,-0.666542074472
periodic_diagonal_augmented_control,n84,84,0.011904761905,7,1303,0.4,0.109685778961,0.330792046948,0.331585296482,-0.668414703518
periodic_diagonal_augmented_control,n84,84,0.011904761905,7,1303,0.8,0.112543003132,0.341345326033,0.329704245375,-0.670295754625
periodic_diagonal_augmented_control,n84,84,0.011904761905,7,1303,1.2,0.115291869316,0.35169560342,0.327817203841,-0.672182796159
periodic_diagonal_augmented_control,n84,84,0.011904761905,7,1303,1.6,0.117933599815,0.361841373735,0.325926243859,-0.674073756141
periodic_diagonal_augmented_control,n84,84,0.011904761905,7,1303,2.0,0.120469580405,0.371781687084,0.324033121024,-0.675966878976
periodic_diagonal_augmented_control,n84,84,0.011904761905,7,1303,2.4,0.122901328644,0.381516079476,0.322139315368,-0.677860684632
periodic_diagonal_augmented_control,n84,84,0.011904761905,7,1303,3.0,0.126357090005,0.395731584533,0.319299987526,-0.680700012474
periodic_diagonal_augmented_control,n84,84,0.011904761905,7,1303,3.6,0.129587817818,0.409485157516,0.316465237968,-0.683534762032
periodic_diagonal_augmented_control,n84,84,0.011904761905,7,1303,4.2,0.132599634175,0.422779736331,0.313637629197,-0.686362370803
