probe_name,hierarchy_label,level_id,n_side,h,ensemble_size,seed,terminal_low_k_fraction,terminal_low_k_power,terminal_fluctuation_slope,transport_character_index,shell_distance_count,shell_latency_span
density_pulse,frozen_branch,n48,48,0.020833333333,3,1301,0.705696519891,0.788008466208,-1.097875618951,236396402616.0,2,0.0
candidate_removal,frozen_branch,n48,48,0.020833333333,3,1301,0.729767494986,0.823846120566,-1.23049750107,236396402616.0,2,0.0
bias_onset,frozen_branch,n48,48,0.020833333333,3,1301,0.885464394135,1.234304581456,-1.383932817261,0.048909600541,2,2.6
density_pulse,frozen_branch,n48,48,0.020833333333,3,1302,0.588784217315,0.667850363924,1.344647703731,592748124933.0,2,0.0
candidate_removal,frozen_branch,n48,48,0.020833333333,3,1302,0.588792186561,0.667961167111,1.345799793271,592748124933.0,2,0.0
bias_onset,frozen_branch,n48,48,0.020833333333,3,1302,0.772405256667,0.855975330207,-0.677123348254,0.134715482939,2,0.4
density_pulse,frozen_branch,n48,48,0.020833333333,3,1303,0.588497021849,0.664687722665,1.311241928771,589846124533.0001,2,0.0
candidate_removal,frozen_branch,n48,48,0.020833333333,3,1303,0.588488372491,0.664609216472,1.310399368698,589846124533.0001,2,0.0
bias_onset,frozen_branch,n48,48,0.020833333333,3,1303,0.588873354249,0.66922209947,1.358827685342,0.032769229141,2,0.0
density_pulse,frozen_branch,n48,48,0.020833333333,5,1301,0.319285791689,0.371931186358,0.356306195138,0.446877474602,4,4.2
candidate_removal,frozen_branch,n48,48,0.020833333333,5,1301,0.318196091442,0.364016941978,0.346924028886,0.782035580553,4,2.4
bias_onset,frozen_branch,n48,48,0.020833333333,5,1301,0.443942735829,0.353935007036,-0.222156965821,0.165607534705,4,0.4
density_pulse,frozen_branch,n48,48,0.020833333333,5,1302,0.722829820467,0.667932764652,0.198830068085,0.541547844471,4,4.2
candidate_removal,frozen_branch,n48,48,0.020833333333,5,1302,0.70660086405,0.661446678895,0.377252149003,0.63180581855,4,3.6
bias_onset,frozen_branch,n48,48,0.020833333333,5,1302,0.846239428106,0.790743102042,-1.034988992646,0.155079610008,4,2.0
density_pulse,frozen_branch,n48,48,0.020833333333,5,1303,0.412084752998,0.358095229076,1.357415160542,589846124533.0001,4,0.0
candidate_removal,frozen_branch,n48,48,0.020833333333,5,1303,0.421710422505,0.366091672914,1.398101965847,589846124533.0001,4,0.0
bias_onset,frozen_branch,n48,48,0.020833333333,5,1303,0.466777155424,0.179566393254,-1.810087366991,0.186267197221,4,0.8
density_pulse,frozen_branch,n48,48,0.020833333333,7,1301,0.221463285451,0.180761121249,0.820306853711,0.491336560302,6,4.2
candidate_removal,frozen_branch,n48,48,0.020833333333,7,1301,0.22085067393,0.176493360202,0.830538304553,0.306013922825,6,4.2
bias_onset,frozen_branch,n48,48,0.020833333333,7,1301,0.406586838429,0.266582098646,0.051884246717,0.104211063605,6,2.6
density_pulse,frozen_branch,n48,48,0.020833333333,7,1302,0.672193459201,0.644571664743,0.970766938916,0.218549254878,6,4.2
candidate_removal,frozen_branch,n48,48,0.020833333333,7,1302,0.677025791998,0.62486909207,1.024321763793,0.355817557686,6,4.2
bias_onset,frozen_branch,n48,48,0.020833333333,7,1302,0.394377076006,0.243097329035,0.215059207134,0.087518599342,6,3.0
density_pulse,frozen_branch,n48,48,0.020833333333,7,1303,0.644289136975,0.534914822489,-0.593235514608,0.228864007838,6,4.2
candidate_removal,frozen_branch,n48,48,0.020833333333,7,1303,0.645154480641,0.536248037921,-0.595718555985,0.228864007838,6,4.2
bias_onset,frozen_branch,n48,48,0.020833333333,7,1303,0.499104855036,0.22704471112,-0.564894489252,0.22949976346,6,1.2
density_pulse,frozen_branch,n60,60,0.016666666667,3,1301,0.700242090437,0.780336916753,-1.06968049129,236396402616.0,2,0.0
candidate_removal,frozen_branch,n60,60,0.016666666667,3,1301,0.722789388919,0.813102033231,-1.190548641443,236396402616.0,2,0.0
bias_onset,frozen_branch,n60,60,0.016666666667,3,1301,0.888644384469,1.259084840656,-3.696664029604,0.048909600541,2,2.6
density_pulse,frozen_branch,n60,60,0.016666666667,3,1302,0.588636407833,0.666063378153,1.325899068293,592748124933.0,2,0.0
candidate_removal,frozen_branch,n60,60,0.016666666667,3,1302,0.588565826055,0.665338658459,1.31820243414,592748124933.0,2,0.0
bias_onset,frozen_branch,n60,60,0.016666666667,3,1302,0.77465210594,0.857689098519,-0.691535637844,0.134715482939,2,0.4
density_pulse,frozen_branch,n60,60,0.016666666667,3,1303,0.588487702311,0.664603162289,1.310334364921,589846124533.0001,2,0.0
candidate_removal,frozen_branch,n60,60,0.016666666667,3,1303,0.588482443463,0.664555797036,1.309825666332,589846124533.0001,2,0.0
bias_onset,frozen_branch,n60,60,0.016666666667,3,1303,0.588766434484,0.667609695755,1.342141204332,0.184326913917,2,0.0
density_pulse,frozen_branch,n60,60,0.016666666667,5,1301,0.331013952505,0.388724478608,0.333610712178,0.446877474602,4,4.2
candidate_removal,frozen_branch,n60,60,0.016666666667,5,1301,0.33191375261,0.381518502965,0.316753441748,0.521357053702,4,3.6
bias_onset,frozen_branch,n60,60,0.016666666667,5,1301,0.440998592257,0.369007539675,-0.179778709371,0.165607534705,4,0.4
density_pulse,frozen_branch,n60,60,0.016666666667,5,1302,0.732821624536,0.669732885852,0.088051891783,0.541547844471,4,4.2
candidate_removal,frozen_branch,n60,60,0.016666666667,5,1302,0.718304474494,0.662598398869,0.243107755574,0.541547844471,4,4.2
bias_onset,frozen_branch,n60,60,0.016666666667,5,1302,0.86005966046,0.557292090521,0.200331601794,0.131221208468,4,2.6
density_pulse,frozen_branch,n60,60,0.016666666667,5,1303,0.39843223667,0.345797532637,1.312519757585,589846124533.0001,4,0.0
candidate_removal,frozen_branch,n60,60,0.016666666667,5,1303,0.405223142577,0.351127639639,1.337707692396,589846124533.0001,4,0.0
bias_onset,frozen_branch,n60,60,0.016666666667,5,1303,0.782879103651,0.295998820948,-3.276271995424,0.183507683188,4,2.4
density_pulse,frozen_branch,n60,60,0.016666666667,7,1301,0.235446720635,0.194472955479,0.747286808174,0.459637427379,6,4.2
candidate_removal,frozen_branch,n60,60,0.016666666667,7,1301,0.23734420767,0.191563559117,0.74365527921,0.293263342707,6,4.2
bias_onset,frozen_branch,n60,60,0.016666666667,7,1301,0.404356479121,0.274967976552,0.066340738975,0.104211063605,6,2.6
density_pulse,frozen_branch,n60,60,0.016666666667,7,1302,0.683362148981,0.645871659898,0.789843151374,0.220268011901,6,4.2
candidate_removal,frozen_branch,n60,60,0.016666666667,7,1302,0.687554382641,0.625664650965,0.851128354615,0.324605491222,6,4.2
bias_onset,frozen_branch,n60,60,0.016666666667,7,1302,0.419433204228,0.240513544425,0.146435889366,0.072949535949,6,3.0
density_pulse,frozen_branch,n60,60,0.016666666667,7,1303,0.643552495028,0.530905650671,-0.586880698302,0.228864007838,6,4.2
candidate_removal,frozen_branch,n60,60,0.016666666667,7,1303,0.644070443646,0.531644367635,-0.588445390947,0.228864007838,6,4.2
bias_onset,frozen_branch,n60,60,0.016666666667,7,1303,0.292205431702,0.132047123894,0.454104194181,0.195992273447,6,2.4
density_pulse,frozen_branch,n72,72,0.013888888889,3,1301,0.697014707823,0.775868859892,-1.053281320874,236396402616.0,2,0.0
candidate_removal,frozen_branch,n72,72,0.013888888889,3,1301,0.717650067488,0.805380864233,-1.16194856268,236396402616.0,2,0.0
bias_onset,frozen_branch,n72,72,0.013888888889,3,1301,0.859103405351,1.122825635397,-2.562818011815,0.048909600541,2,2.6
density_pulse,frozen_branch,n72,72,0.013888888889,3,1302,0.58855170197,0.665200959748,1.316733795405,592748124933.0,2,0.0
candidate_removal,frozen_branch,n72,72,0.013888888889,3,1302,0.588443885386,0.664215883119,1.306167817886,592748124933.0,2,0.0
bias_onset,frozen_branch,n72,72,0.013888888889,3,1302,0.775815117044,0.858593066766,-0.699032562756,0.134715482939,2,0.4
density_pulse,frozen_branch,n72,72,0.013888888889,3,1303,0.588483248353,0.664563030304,1.309903366799,589846124533.0001,2,0.0
candidate_removal,frozen_branch,n72,72,0.013888888889,3,1303,0.58847985775,0.664532599439,1.309576436974,589846124533.0001,2,0.0
bias_onset,frozen_branch,n72,72,0.013888888889,3,1303,0.588844263407,0.668738313044,1.353847048892,0.344076905978,2,0.0
density_pulse,frozen_branch,n72,72,0.013888888889,5,1301,0.33797252974,0.400638483005,0.322330179273,0.446877474602,4,4.2
candidate_removal,frozen_branch,n72,72,0.013888888889,5,1301,0.340241449633,0.394559961742,0.301781632678,0.446877474602,4,4.2
bias_onset,frozen_branch,n72,72,0.013888888889,5,1301,0.435347834178,0.382170634861,-0.131978894369,0.156407116111,4,0.8
density_pulse,frozen_branch,n72,72,0.013888888889,5,1302,0.738318126578,0.671471712001,0.027834192077,0.541547844471,4,4.2
candidate_removal,frozen_branch,n72,72,0.013888888889,5,1302,0.72501001226,0.664287409056,0.168165305103,0.541547844471,4,4.2
bias_onset,frozen_branch,n72,72,0.013888888889,5,1302,0.757596042359,0.802804568752,-0.504278815356,0.117646600696,4,2.6
density_pulse,frozen_branch,n72,72,0.013888888889,5,1303,0.39110147877,0.339357639733,1.290034578087,589846124533.0001,4,0.0
candidate_removal,frozen_branch,n72,72,0.013888888889,5,1303,0.396423033884,0.343411816349,1.308510781914,589846124533.0001,4,0.0
bias_onset,frozen_branch,n72,72,0.013888888889,5,1303,0.643798935586,0.304808786464,-0.253163949634,0.157292299875,4,2.6
density_pulse,frozen_branch,n72,72,0.013888888889,7,1301,0.243267740241,0.20315357387,0.708022366155,0.395798895799,6,4.2
candidate_removal,frozen_branch,n72,72,0.013888888889,7,1301,0.246843767244,0.201523315414,0.696117579461,0.281532808999,6,4.2
bias_onset,frozen_branch,n72,72,0.013888888889,7,1301,0.394705188906,0.277029096257,0.109847467437,0.101605787015,6,2.6
density_pulse,frozen_branch,n72,72,0.013888888889,7,1302,0.688750266154,0.648121248939,0.701250027751,0.220268011901,6,4.2
candidate_removal,frozen_branch,n72,72,0.013888888889,7,1302,0.692021872216,0.62883881902,0.765572449298,0.293690682534,6,4.2
bias_onset,frozen_branch,n72,72,0.013888888889,7,1302,0.440128325071,0.240055702653,0.082393814219,0.078237033736,6,3.0
density_pulse,frozen_branch,n72,72,0.013888888889,7,1303,0.641794804444,0.52711517061,-0.577390209315,0.228864007838,6,4.2
candidate_removal,frozen_branch,n72,72,0.013888888889,7,1303,0.642147281854,0.52759795547,-0.578478685816,0.228864007838,6,4.2
bias_onset,frozen_branch,n72,72,0.013888888889,7,1303,0.33403803668,0.27623564879,0.435783341846,0.177561804289,6,3.0
density_pulse,frozen_branch,n84,84,0.011904761905,3,1301,0.694924181699,0.77300212849,-1.042766985911,236396402616.0,2,0.0
candidate_removal,frozen_branch,n84,84,0.011904761905,3,1301,0.713888417181,0.799827808785,-1.141429297409,236396402616.0,2,0.0
bias_onset,frozen_branch,n84,84,0.011904761905,3,1301,0.835471047837,1.044954637999,-2.146256570851,0.048909600541,2,2.6
density_pulse,frozen_branch,n84,84,0.011904761905,3,1302,0.588500859208,0.664722775623,1.311617915078,592748124933.0,2,0.0
candidate_removal,frozen_branch,n84,84,0.011904761905,3,1302,0.588377217447,0.663656046013,1.300115479535,592748124933.0,2,0.0
bias_onset,frozen_branch,n84,84,0.011904761905,3,1302,0.776533524318,0.85915729034,-0.703676537062,0.134715482939,2,0.4
density_pulse,frozen_branch,n84,84,0.011904761905,3,1303,0.588480700524,0.664540153769,1.309657605316,589846124533.0001,2,0.0
candidate_removal,frozen_branch,n84,84,0.011904761905,3,1303,0.588478287613,0.664518542164,1.30942538045,589846124533.0001,2,0.0
bias_onset,frozen_branch,n84,84,0.011904761905,3,1303,0.58873995573,0.667266615936,1.338558274538,0.344076905978,2,0.0
density_pulse,frozen_branch,n84,84,0.011904761905,5,1301,0.342327978986,0.40901716458,0.315782303689,0.446877474602,4,4.2
candidate_removal,frozen_branch,n84,84,0.011904761905,5,1301,0.345510108255,0.403996887899,0.293232555923,0.446877474602,4,4.2
bias_onset,frozen_branch,n84,84,0.011904761905,5,1301,0.428823768981,0.392019316073,-0.088154768666,0.144375799487,4,1.4
density_pulse,frozen_branch,n84,84,0.011904761905,5,1302,0.741651611881,0.672791545564,-0.008324813188,0.541547844471,4,4.2
candidate_removal,frozen_branch,n84,84,0.011904761905,5,1302,0.729168781252,0.66569557991,0.122452106677,0.541547844471,4,4.2
bias_onset,frozen_branch,n84,84,0.011904761905,5,1302,0.791399930653,0.767895957279,-0.605417378863,0.117646600696,4,2.6
density_pulse,frozen_branch,n84,84,0.011904761905,5,1303,0.386862851017,0.335690618134,1.277305394985,589846124533.0001,4,0.0
candidate_removal,frozen_branch,n84,84,0.011904761905,5,1303,0.391345568055,0.339048898874,1.292341651147,589846124533.0001,4,0.0
bias_onset,frozen_branch,n84,84,0.011904761905,5,1303,0.606006088555,0.532240083255,1.317407810539,0.157292299875,4,2.6
density_pulse,frozen_branch,n84,84,0.011904761905,7,1301,0.247951598429,0.208839005552,0.684889898369,0.339256196399,6,4.2
candidate_removal,frozen_branch,n84,84,0.011904761905,7,1301,0.252631285856,0.208241903044,0.667816648923,0.260678526851,6,4.2
bias_onset,frozen_branch,n84,84,0.011904761905,7,1301,0.38306987348,0.27539632738,0.157968307508,0.099127597088,6,2.6
density_pulse,frozen_branch,n84,84,0.011904761905,7,1302,0.691595458458,0.650013630367,0.652899248793,0.220268011901,6,4.2
candidate_removal,frozen_branch,n84,84,0.011904761905,7,1302,0.694035118729,0.631866772549,0.719399363401,0.293690682534,6,4.2
bias_onset,frozen_branch,n84,84,0.011904761905,7,1302,0.456876443416,0.240614619744,0.027586802515,0.078237033736,6,3.0
density_pulse,frozen_branch,n84,84,0.011904761905,7,1303,0.640136639225,0.524139915086,-0.568886952281,0.228864007838,6,4.2
candidate_removal,frozen_branch,n84,84,0.011904761905,7,1303,0.640402642303,0.52449562057,-0.569716901865,0.228864007838,6,4.2
bias_onset,frozen_branch,n84,84,0.011904761905,7,1303,0.413051734778,0.395712974841,0.143681882543,0.171740105787,6,3.0
density_pulse,periodic_diagonal_augmented_control,n48,48,0.020833333333,3,1301,0.715981206743,0.80290718974,-1.152803138896,236396402616.0,2,0.0
candidate_removal,periodic_diagonal_augmented_control,n48,48,0.020833333333,3,1301,0.739255092363,0.838968134106,-1.287071540766,236396402616.0,2,0.0
bias_onset,periodic_diagonal_augmented_control,n48,48,0.020833333333,3,1301,0.870311979114,1.1514426392,-1.278217181772,0.068948950763,2,2.4
density_pulse,periodic_diagonal_augmented_control,n48,48,0.020833333333,3,1302,0.588989467729,0.671882885533,1.385840838054,592748124933.0,2,0.0
candidate_removal,periodic_diagonal_augmented_control,n48,48,0.020833333333,3,1302,0.589035384743,0.674530009147,1.412115643297,592748124933.0,2,0.0
bias_onset,periodic_diagonal_augmented_control,n48,48,0.020833333333,3,1302,0.766661099537,0.851784280792,-0.640670832575,0.197582708311,2,0.4
density_pulse,periodic_diagonal_augmented_control,n48,48,0.020833333333,3,1303,0.588522050068,0.664918895069,1.313719085432,589846124533.0001,2,0.0
candidate_removal,periodic_diagonal_augmented_control,n48,48,0.020833333333,3,1303,0.588513625257,0.664840399295,1.312878601753,589846124533.0001,2,0.0
bias_onset,periodic_diagonal_augmented_control,n48,48,0.020833333333,3,1303,0.588889992858,0.669519554497,1.361879192432,0.058984612453,2,0.0
density_pulse,periodic_diagonal_augmented_control,n48,48,0.020833333333,5,1301,0.300327533624,0.351420193572,0.405701773354,0.782035580553,4,2.4
candidate_removal,periodic_diagonal_augmented_control,n48,48,0.020833333333,5,1301,0.296854053367,0.344346484369,0.410377786059,1.17305337083,4,1.6
bias_onset,periodic_diagonal_augmented_control,n48,48,0.020833333333,5,1301,0.440859113357,0.34668214356,-0.224362336213,0.211913933471,4,0.4
density_pulse,periodic_diagonal_augmented_control,n48,48,0.020833333333,5,1302,0.703709979442,0.668859395533,0.411718322333,0.541547844471,4,4.2
candidate_removal,periodic_diagonal_augmented_control,n48,48,0.020833333333,5,1302,0.685708805745,0.665070807799,0.623433114876,1.13725047339,4,2.0
bias_onset,periodic_diagonal_augmented_control,n48,48,0.020833333333,5,1302,0.741455870167,0.726926691525,-0.240413586674,0.127243348479,4,1.4
density_pulse,periodic_diagonal_augmented_control,n48,48,0.020833333333,5,1303,0.43696831579,0.381512825902,1.455581646978,589846124533.0001,4,0.0
candidate_removal,periodic_diagonal_augmented_control,n48,48,0.020833333333,5,1303,0.452031560025,0.39540403449,1.536067639063,589846124533.0001,4,0.0
bias_onset,periodic_diagonal_augmented_control,n48,48,0.020833333333,5,1303,0.109817431285,0.052407959391,-0.136650827795,0.183616295938,4,0.4
density_pulse,periodic_diagonal_augmented_control,n48,48,0.020833333333,7,1301,0.196776005549,0.160020593686,0.961688986738,0.56995040995,6,4.2
candidate_removal,periodic_diagonal_augmented_control,n48,48,0.020833333333,7,1301,0.192953890686,0.154834651359,0.994621595014,0.306013922825,6,4.2
bias_onset,periodic_diagonal_augmented_control,n48,48,0.020833333333,7,1301,0.386060894973,0.252113747402,0.132934419061,0.114134922567,6,2.6
density_pulse,periodic_diagonal_augmented_control,n48,48,0.020833333333,7,1302,0.650009567645,0.651145415262,1.326939216494,0.213392983811,6,4.2
candidate_removal,periodic_diagonal_augmented_control,n48,48,0.020833333333,7,1302,0.654314560611,0.636419953423,1.331530418736,0.440536023801,6,4.2
bias_onset,periodic_diagonal_augmented_control,n48,48,0.020833333333,7,1302,0.371768226969,0.250959502567,0.238919997701,0.105291945217,6,3.0
density_pulse,periodic_diagonal_augmented_control,n48,48,0.020833333333,7,1303,0.63995918662,0.535769009638,-0.581349606333,0.228864007838,6,4.2
candidate_removal,periodic_diagonal_augmented_control,n48,48,0.020833333333,7,1303,0.641465357605,0.538530326028,-0.585125959674,0.228864007838,6,4.2
bias_onset,periodic_diagonal_augmented_control,n48,48,0.020833333333,7,1303,0.668782372511,0.339189956363,-1.100313165777,0.143556478568,6,2.6
density_pulse,periodic_diagonal_augmented_control,n60,60,0.016666666667,3,1301,0.707010048151,0.789879130908,-1.104759055754,236396402616.0,2,0.0
candidate_removal,periodic_diagonal_augmented_control,n60,60,0.016666666667,3,1301,0.73110998109,0.825948953351,-1.238338961548,236396402616.0,2,0.0
bias_onset,periodic_diagonal_augmented_control,n60,60,0.016666666667,3,1301,0.893612703994,1.287338177083,-1.445091185274,0.048909600541,2,2.6
density_pulse,periodic_diagonal_augmented_control,n60,60,0.016666666667,3,1302,0.588817924861,0.66833288118,1.349656063576,592748124933.0,2,0.0
candidate_removal,periodic_diagonal_augmented_control,n60,60,0.016666666667,3,1302,0.588842723442,0.668713823759,1.353594343829,592748124933.0,2,0.0
bias_onset,periodic_diagonal_augmented_control,n60,60,0.016666666667,3,1302,0.771221716727,0.855089646081,-0.669567812793,0.134715482939,2,0.4
density_pulse,periodic_diagonal_augmented_control,n60,60,0.016666666667,3,1303,0.588499660682,0.664711812619,1.311500337627,589846124533.0001,2,0.0
candidate_removal,periodic_diagonal_augmented_control,n60,60,0.016666666667,3,1303,0.588490425358,0.66462778696,1.310598735161,589846124533.0001,2,0.0
bias_onset,periodic_diagonal_augmented_control,n60,60,0.016666666667,3,1303,0.588884749749,0.669423981969,1.360899632973,0.058984612453,2,0.0
density_pulse,periodic_diagonal_augmented_control,n60,60,0.016666666667,5,1301,0.316523619114,0.368542733597,0.362584956473,0.521357053702,4,3.6
candidate_removal,periodic_diagonal_augmented_control,n60,60,0.016666666667,5,1301,0.31501302553,0.360631629557,0.355204219357,0.782035580553,4,2.4
bias_onset,periodic_diagonal_augmented_control,n60,60,0.016666666667,5,1301,0.445912566406,0.357050959962,-0.223990599678,0.165607534705,4,0.4
density_pulse,periodic_diagonal_augmented_control,n60,60,0.016666666667,5,1302,0.720301762628,0.667731862659,0.226992721428,0.541547844471,4,4.2
candidate_removal,periodic_diagonal_augmented_control,n60,60,0.016666666667,5,1302,0.703734396308,0.661505101518,0.410626523602,0.75816698226,4,3.0
bias_onset,periodic_diagonal_augmented_control,n60,60,0.016666666667,5,1302,0.809876299884,0.738660706497,-0.711789143879,0.166426898545,4,1.4
density_pulse,periodic_diagonal_augmented_control,n60,60,0.016666666667,5,1303,0.415612841317,0.361338788277,1.369841659571,589846124533.0001,4,0.0
candidate_removal,periodic_diagonal_augmented_control,n60,60,0.016666666667,5,1303,0.425977691261,0.370077162512,1.415149444396,589846124533.0001,4,0.0
bias_onset,periodic_diagonal_augmented_control,n60,60,0.016666666667,5,1303,0.255595945071,0.098061590549,-2.068131928188,0.186267197221,4,0.8
density_pulse,periodic_diagonal_augmented_control,n60,60,0.016666666667,7,1301,0.218037362274,0.177708180539,0.838807448425,0.527731861065,6,4.2
candidate_removal,periodic_diagonal_augmented_control,n60,60,0.016666666667,7,1301,0.216874659347,0.173221704484,0.852373742634,0.306013922825,6,4.2
bias_onset,periodic_diagonal_augmented_control,n60,60,0.016666666667,7,1301,0.407517197353,0.270989113839,0.044853575728,0.104211063605,6,2.6
density_pulse,periodic_diagonal_augmented_control,n60,60,0.016666666667,7,1302,0.66925264457,0.644798329796,1.01843482104,0.216830497856,6,4.2
candidate_removal,periodic_diagonal_augmented_control,n60,60,0.016666666667,7,1302,0.674104087217,0.625536423907,1.068755831466,0.355817557686,6,4.2
bias_onset,periodic_diagonal_augmented_control,n60,60,0.016666666667,7,1302,0.392633146322,0.245057310702,0.219402332017,0.087518599342,6,3.0
density_pulse,periodic_diagonal_augmented_control,n60,60,0.016666666667,7,1303,0.644131928798,0.535506428996,-0.5932737564,0.228864007838,6,4.2
candidate_removal,periodic_diagonal_augmented_control,n60,60,0.016666666667,7,1303,0.645091060076,0.537015757167,-0.595980531537,0.228864007838,6,4.2
bias_onset,periodic_diagonal_augmented_control,n60,60,0.016666666667,7,1303,0.460689028996,0.188727395157,0.469278587135,0.22949976346,6,1.2
density_pulse,periodic_diagonal_augmented_control,n72,72,0.013888888889,3,1301,0.702057709935,0.782873533118,-1.078997615324,236396402616.0,2,0.0
candidate_removal,periodic_diagonal_augmented_control,n72,72,0.013888888889,3,1301,0.725283027784,0.816906221857,-1.204672166789,236396402616.0,2,0.0
bias_onset,periodic_diagonal_augmented_control,n72,72,0.013888888889,3,1301,0.889255609672,1.262679506971,-3.742991488574,0.048909600541,2,2.6
density_pulse,periodic_diagonal_augmented_control,n72,72,0.013888888889,3,1302,0.588686108051,0.666616660663,1.33173835961,592748124933.0,2,0.0
candidate_removal,periodic_diagonal_augmented_control,n72,72,0.013888888889,3,1302,0.588641379426,0.66611697372,1.326466086642,592748124933.0,2,0.0
bias_onset,periodic_diagonal_augmented_control,n72,72,0.013888888889,3,1302,0.773605011224,0.856885120226,-0.684807660091,0.134715482939,2,0.4
density_pulse,periodic_diagonal_augmented_control,n72,72,0.013888888889,3,1303,0.5884905448,0.664628868639,1.31061034654,589846124533.0001,2,0.0
candidate_removal,periodic_diagonal_augmented_control,n72,72,0.013888888889,3,1303,0.588484158312,0.664571214824,1.309991278843,589846124533.0001,2,0.0
bias_onset,periodic_diagonal_augmented_control,n72,72,0.013888888889,3,1303,0.588804464094,0.668135727103,1.347612388209,0.147461531133,2,0.0
density_pulse,periodic_diagonal_augmented_control,n72,72,0.013888888889,5,1301,0.327021739536,0.382633716547,0.340829613545,0.446877474602,4,4.2
candidate_removal,periodic_diagonal_augmented_control,n72,72,0.013888888889,5,1301,0.327188777987,0.375046926927,0.326407418401,0.625628464443,4,3.0
bias_onset,periodic_diagonal_augmented_control,n72,72,0.013888888889,5,1301,0.445229237924,0.36871604137,-0.198061162498,0.165607534705,4,0.4
density_pulse,periodic_diagonal_augmented_control,n72,72,0.013888888889,5,1302,0.729532952591,0.668946052793,0.124363903374,0.541547844471,4,4.2
candidate_removal,periodic_diagonal_augmented_control,n72,72,0.013888888889,5,1302,0.714385350436,0.661950392798,0.287580459224,0.541547844471,4,4.2
bias_onset,periodic_diagonal_augmented_control,n72,72,0.013888888889,5,1302,0.950062190022,0.643846962638,-2.049843493116,0.148337018268,4,2.0
density_pulse,periodic_diagonal_augmented_control,n72,72,0.013888888889,5,1303,0.402974943924,0.349847504631,1.326921784517,589846124533.0001,4,0.0
candidate_removal,periodic_diagonal_augmented_control,n72,72,0.013888888889,5,1303,0.410686689189,0.356015102679,1.356777637558,589846124533.0001,4,0.0
bias_onset,periodic_diagonal_augmented_control,n72,72,0.013888888889,5,1303,0.729221999956,0.338694560305,-1.441027847716,0.211739634448,4,1.8
density_pulse,periodic_diagonal_augmented_control,n72,72,0.013888888889,7,1301,0.2307980684,0.189725316122,0.7710722292,0.459637427379,6,4.2
candidate_removal,periodic_diagonal_augmented_control,n72,72,0.013888888889,7,1301,0.231780078926,0.186252674441,0.772219686889,0.293263342707,6,4.2
bias_onset,periodic_diagonal_augmented_control,n72,72,0.013888888889,7,1301,0.409882146432,0.279634747115,0.040897066667,0.104211063605,6,2.6
density_pulse,periodic_diagonal_augmented_control,n72,72,0.013888888889,7,1302,0.67984964382,0.645046875776,0.846803539663,0.220268011901,6,4.2
candidate_removal,periodic_diagonal_augmented_control,n72,72,0.013888888889,7,1302,0.684373645664,0.624748860642,0.906116032925,0.324605491222,6,4.2
bias_onset,periodic_diagonal_augmented_control,n72,72,0.013888888889,7,1302,0.414398521826,0.242862067231,0.157625188404,0.072949535949,6,3.0
density_pulse,periodic_diagonal_augmented_control,n72,72,0.013888888889,7,1303,0.644123097399,0.53260361601,-0.590336369152,0.228864007838,6,4.2
candidate_removal,periodic_diagonal_augmented_control,n72,72,0.013888888889,7,1303,0.644750239286,0.533521632982,-0.592198516112,0.228864007838,6,4.2
bias_onset,periodic_diagonal_augmented_control,n72,72,0.013888888889,7,1303,0.593612528897,0.122781942535,-4.368923057082,0.211797693264,6,1.8
density_pulse,periodic_diagonal_augmented_control,n84,84,0.011904761905,3,1301,0.698880379397,0.778445398624,-1.062736199146,236396402616.0,2,0.0
candidate_removal,periodic_diagonal_augmented_control,n84,84,0.011904761905,3,1301,0.720688085745,0.809925969012,-1.178773846665,236396402616.0,2,0.0
bias_onset,periodic_diagonal_augmented_control,n84,84,0.011904761905,3,1301,0.865317446935,1.146886161994,-2.712370108373,0.048909600541,2,2.6
density_pulse,periodic_diagonal_augmented_control,n84,84,0.011904761905,3,1302,0.588600023086,0.665681751777,1.321852998373,592748124933.0,2,0.0
candidate_removal,periodic_diagonal_augmented_control,n84,84,0.011904761905,3,1302,0.5885121892,0.664827089114,1.312736018733,592748124933.0,2,0.0
bias_onset,periodic_diagonal_augmented_control,n84,84,0.011904761905,3,1302,0.774955290643,0.857923634512,-0.693487529386,0.134715482939,2,0.4
density_pulse,periodic_diagonal_augmented_control,n84,84,0.011904761905,3,1303,0.58848574517,0.664585505511,1.310144761285,589846124533.0001,2,0.0
candidate_removal,periodic_diagonal_augmented_control,n84,84,0.011904761905,3,1303,0.588481340486,0.664545894411,1.309719282115,589846124533.0001,2,0.0
bias_onset,periodic_diagonal_augmented_control,n84,84,0.011904761905,3,1303,0.588693898058,0.666707166584,1.332690577437,0.294923062267,2,0.0
density_pulse,periodic_diagonal_augmented_control,n84,84,0.011904761905,5,1301,0.333949805557,0.393579052946,0.328744637398,0.446877474602,4,4.2
candidate_removal,periodic_diagonal_augmented_control,n84,84,0.011904761905,5,1301,0.335405960703,0.386777689883,0.310290530796,0.446877474602,4,4.2
bias_onset,periodic_diagonal_augmented_control,n84,84,0.011904761905,5,1301,0.441696749997,0.379730370643,-0.162902896973,0.156407116111,4,0.8
density_pulse,periodic_diagonal_augmented_control,n84,84,0.011904761905,5,1302,0.735165753438,0.670406741256,0.062285804011,0.541547844471,4,4.2
candidate_removal,periodic_diagonal_augmented_control,n84,84,0.011904761905,5,1302,0.721142234522,0.663222920097,0.211206322105,0.541547844471,4,4.2
bias_onset,periodic_diagonal_augmented_control,n84,84,0.011904761905,5,1302,0.781605514967,0.66662644364,-0.263510047706,0.124063688006,4,2.6
density_pulse,periodic_diagonal_augmented_control,n84,84,0.011904761905,5,1303,0.395297667761,0.343029670934,1.302792333949,589846124533.0001,4,0.0
candidate_removal,periodic_diagonal_augmented_control,n84,84,0.011904761905,5,1303,0.401452919553,0.347799383863,1.32497192897,589846124533.0001,4,0.0
bias_onset,periodic_diagonal_augmented_control,n84,84,0.011904761905,5,1303,0.747287145648,0.260070703439,-2.571685594888,0.235938449813,4,1.8
density_pulse,periodic_diagonal_augmented_control,n84,84,0.011904761905,7,1301,0.238794647696,0.198101186466,0.730343634209,0.431780613599,6,4.2
candidate_removal,periodic_diagonal_augmented_control,n84,84,0.011904761905,7,1301,0.241376244774,0.195679293926,0.723256336802,0.281532808999,6,4.2
bias_onset,periodic_diagonal_augmented_control,n84,84,0.011904761905,7,1301,0.404598179147,0.282968720835,0.067776409538,0.101605787015,6,2.6
density_pulse,periodic_diagonal_augmented_control,n84,84,0.011904761905,7,1302,0.685766044048,0.646690231952,0.750641600096,0.220268011901,6,4.2
candidate_removal,periodic_diagonal_augmented_control,n84,84,0.011904761905,7,1302,0.689626704195,0.626753105664,0.813170799623,0.308375216661,6,4.2
bias_onset,periodic_diagonal_augmented_control,n84,84,0.011904761905,7,1302,0.433046970108,0.241750908705,0.101014887133,0.07440787524,6,3.0
density_pulse,periodic_diagonal_augmented_control,n84,84,0.011904761905,7,1303,0.642943088602,0.52944468332,-0.583435996347,0.228864007838,6,4.2
candidate_removal,periodic_diagonal_augmented_control,n84,84,0.011904761905,7,1303,0.643386720068,0.530067197595,-0.584787634953,0.228864007838,6,4.2
bias_onset,periodic_diagonal_augmented_control,n84,84,0.011904761905,7,1303,0.227418375629,0.158057073082,0.870983226203,0.188172927772,6,3.0
