split,model,n,spearman,mae,rmse,roc_auc,pr_auc,brier_score,top_k_precision,spearman_ci_low,spearman_ci_high,seed_variance
development,algebraic_connectivity,96,0.03495419920013605,0.2841843030664583,0.3141294731504889,,1.0,0.12419418386489399,1.0,,,
development,betweenness_centrality,96,0.28156824711421,0.6289960901215208,0.6457928751540258,,1.0,0.47478495641792545,1.0,,,
development,closeness_centrality,96,0.05603109147725314,0.44958398993026044,0.48089352204019276,,1.0,0.2708134382417398,1.0,,,
development,degree_centrality,96,-4.0694795814798026e-05,0.5931756664633229,0.6136217254251739,,1.0,0.4304335320105979,1.0,,,
development,domain_diffusion_early_probe,96,0.7821079761258819,0.2264552108311979,0.2734916106527939,,1.0,0.10904791854602441,1.0,,,
development,eigenvector_centrality,96,-0.142580999603114,0.26701815133111456,0.3022911369554596,,1.0,0.11404998743431201,1.0,,,
development,graph_size_density,96,0.01161049631665305,0.03647431234327083,0.03941662884268605,,1.0,0.002130162488110231,1.0,,,
development,haos_ablated_score,96,0.8665897992403692,0.008753303034031249,0.011865058909409277,,1.0,0.0035971597068559166,1.0,,,
development,haos_calibrated_recovery_score,96,0.9001899077590887,0.006653105374406252,0.00849663093802503,,1.0,0.0035322514970035543,1.0,,,
development,leakage_positive_control,96,1.0000000000000002,0.0,0.0,,1.0,0.0035696446241632296,1.0,,,
development,mean_predictor,96,0.0,0.03647528843204166,0.03945193191144785,,1.0,0.0021403910769015404,1.0,,,
development,pagerank_centrality,96,-0.013212243707871092,0.5961892613477708,0.6183842232454936,,1.0,0.4362185612176687,1.0,,,
development,random_predictor,96,0.09451980466630495,0.42376481072098954,0.5108078864033865,,1.0,0.3014169546264441,1.0,,,
development,shortest_path_to_perturbation,96,-0.0391563185590146,0.7095496442513959,0.719724249458935,,1.0,0.5807356669643701,1.0,,,
development,supervised_graph_spectral_model,96,0.7901575459697259,0.012500745618416673,0.01615634941876671,,1.0,0.003150692796047037,1.0,,,
calibration,algebraic_connectivity,144,0.07789352202558322,0.499679371202507,0.5731615039065548,,1.0,0.37557345461025915,1.0,,,
calibration,betweenness_centrality,144,0.09578410095651474,0.6109245800379652,0.6357875436268616,,1.0,0.4603466686540518,1.0,,,
calibration,closeness_centrality,144,0.05338825952693529,0.4464728435278611,0.4834762397516793,,1.0,0.275205478406967,1.0,,,
calibration,degree_centrality,144,0.08822879281798132,0.5448555727357292,0.5822915768568677,,1.0,0.39163535724548926,1.0,,,
calibration,domain_diffusion_early_probe,144,0.8167832167832166,0.23621803745546524,0.2848123490528945,,1.0,0.11729875514716581,1.0,,,
calibration,eigenvector_centrality,144,0.053826113079877135,0.3887453739877153,0.44584098223790997,,1.0,0.23525971797956868,1.0,,,
calibration,graph_size_density,144,-0.01852764793478848,0.03574120591879862,0.0384862625744181,,1.0,0.002140696250145376,1.0,,,
calibration,haos_ablated_score,144,0.845075601917075,0.008752085019986113,0.011549058611187686,,1.0,0.003375622780214188,1.0,,,
calibration,haos_calibrated_recovery_score,144,0.8901486574138235,0.006863170692097224,0.008651138419611865,,1.0,0.0035212310747598846,1.0,,,
calibration,leakage_positive_control,144,0.9999999999999999,0.0,0.0,,1.0,0.0036218886571122554,1.0,,,
calibration,mean_predictor,144,0.0,0.03574469703013195,0.03849022707457673,,1.0,0.002140391076901541,1.0,,,
calibration,pagerank_centrality,144,0.10177338813097235,0.5401901296572501,0.579095724672669,,1.0,0.38774790183860414,1.0,,,
calibration,random_predictor,144,0.022257053291536048,0.4240308902383819,0.5142335660631281,,1.0,0.3037792912400821,1.0,,,
calibration,shortest_path_to_perturbation,144,0.03914088576957828,0.7262157496881945,0.7381675901242258,,1.0,0.610317708360018,1.0,,,
calibration,supervised_graph_spectral_model,144,0.8224624722839017,0.011401654192659729,0.014619393480099744,,1.0,0.003505258670445809,1.0,,,
holdout,algebraic_connectivity,144,0.04956637786800667,0.6020302561173055,0.678626446448163,,1.0,0.5184248227384685,1.0,,,
holdout,betweenness_centrality,144,0.10718398146155085,0.611048818910632,0.6348751976193728,,1.0,0.4635822912600539,1.0,,,
holdout,closeness_centrality,144,0.06514508753275233,0.4966047066288264,0.5402003072157717,,1.0,0.34039570313977546,1.0,,,
holdout,degree_centrality,144,0.08074544146613506,0.48520898661960415,0.5203200523946017,,1.0,0.3190438697144693,1.0,,,
holdout,domain_diffusion_early_probe,144,0.797218873080942,0.25870752488771526,0.2987735855054542,,1.0,0.12846422768326746,1.0,,,
holdout,eigenvector_centrality,144,-0.07485152374699548,0.44822736586298606,0.5007156088159376,,1.0,0.2924479672035872,1.0,,,
holdout,graph_size_density,144,0.002221857732112966,0.037318357865125,0.040441827312544344,,1.0,0.0022190803224797838,1.0,,,
holdout,haos_ablated_score,144,0.8736441786069395,0.010125466985076388,0.0137751932434757,,1.0,0.0036617286740455632,1.0,,,
holdout,haos_calibrated_recovery_score,144,0.912028422274154,0.007744711690277779,0.009667411358099755,,1.0,0.0038496945296067325,1.0,0.8643880023035849,0.9399205801240613,0.000826487785165933
holdout,leakage_positive_control,144,0.9999999999999999,0.0,0.0,,1.0,0.003943785254226433,1.0,,,
holdout,mean_predictor,144,0.0,0.03728991839958334,0.04047790052957205,,1.0,0.002140391076901541,1.0,,,
holdout,pagerank_centrality,144,0.06450070131352353,0.5044696597114444,0.534363438223316,,1.0,0.335406260316889,1.0,,,
holdout,random_predictor,144,0.0027690700104493204,0.42135338990080556,0.5123769519720505,,1.0,0.3037792912400821,1.0,,,
holdout,shortest_path_to_perturbation,144,0.010234148130340674,0.758744147927625,0.7675625771627819,,1.0,0.6622693961765864,1.0,,,
holdout,supervised_graph_spectral_model,144,0.8008118318463144,0.012978588406020833,0.017302904572714894,,1.0,0.003955853113472886,1.0,,,
