condition,component,metric,value
known_positive,support,monster_prime_support_0,2
known_positive,support,monster_prime_support_1,3
known_positive,support,monster_prime_support_2,5
known_positive,support,monster_prime_support_3,7
known_positive,support,monster_prime_support_4,11
known_positive,support,monster_prime_support_5,13
known_positive,support,monster_prime_support_6,17
known_positive,support,monster_prime_support_7,19
known_positive,support,monster_prime_support_8,23
known_positive,support,monster_prime_support_9,29
known_positive,support,monster_prime_support_10,31
known_positive,support,monster_prime_support_11,41
known_positive,support,monster_prime_support_12,47
known_positive,support,monster_prime_support_13,59
known_positive,support,monster_prime_support_14,71
known_positive,support,supersingular_primes_0,2
known_positive,support,supersingular_primes_1,3
known_positive,support,supersingular_primes_2,5
known_positive,support,supersingular_primes_3,7
known_positive,support,supersingular_primes_4,11
known_positive,support,supersingular_primes_5,13
known_positive,support,supersingular_primes_6,17
known_positive,support,supersingular_primes_7,19
known_positive,support,supersingular_primes_8,23
known_positive,support,supersingular_primes_9,29
known_positive,support,supersingular_primes_10,31
known_positive,support,supersingular_primes_11,41
known_positive,support,supersingular_primes_12,47
known_positive,support,supersingular_primes_13,59
known_positive,support,supersingular_primes_14,71
known_positive,support,support_jaccard,1.0
known_positive,support,support_count,15
known_positive,exponent,exponent_vector_0,46
known_positive,exponent,exponent_vector_1,20
known_positive,exponent,exponent_vector_2,9
known_positive,exponent,exponent_vector_3,6
known_positive,exponent,exponent_vector_4,2
known_positive,exponent,exponent_vector_5,3
known_positive,exponent,exponent_vector_6,1
known_positive,exponent,exponent_vector_7,1
known_positive,exponent,exponent_vector_8,1
known_positive,exponent,exponent_vector_9,1
known_positive,exponent,exponent_vector_10,1
known_positive,exponent,exponent_vector_11,1
known_positive,exponent,exponent_vector_12,1
known_positive,exponent,exponent_vector_13,1
known_positive,exponent,exponent_vector_14,1
known_positive,exponent,exponent_sum,95
known_positive,exponent,nonzero_exponent_count,15
known_positive,exponent,log10_order,53.90742072638165
known_positive,decomposition,residual_abs_sum,0
known_positive,decomposition,exact_witness_count,3
known_positive,decomposition,witness_count,3
known_positive,decomposition,irrep_factor_support_coverage,1.0
known_positive,gaussian_class,class_vector_0,0
known_positive,gaussian_class,class_vector_1,-1
known_positive,gaussian_class,class_vector_2,1
known_positive,gaussian_class,class_vector_3,-1
known_positive,gaussian_class,class_vector_4,-1
known_positive,gaussian_class,class_vector_5,1
known_positive,gaussian_class,class_vector_6,1
known_positive,gaussian_class,class_vector_7,-1
known_positive,gaussian_class,class_vector_8,-1
known_positive,gaussian_class,class_vector_9,1
known_positive,gaussian_class,class_vector_10,-1
known_positive,gaussian_class,class_vector_11,1
known_positive,gaussian_class,class_vector_12,-1
known_positive,gaussian_class,class_vector_13,-1
known_positive,gaussian_class,class_vector_14,-1
known_positive,gaussian_class,ramified_count,1
known_positive,gaussian_class,split_count,5
known_positive,gaussian_class,inert_count,9
known_positive,gaussian_class,unknown_count,0
nonsupersingular_prime_control,support,monster_prime_support_0,2
nonsupersingular_prime_control,support,monster_prime_support_1,3
nonsupersingular_prime_control,support,monster_prime_support_2,5
nonsupersingular_prime_control,support,monster_prime_support_3,7
nonsupersingular_prime_control,support,monster_prime_support_4,11
nonsupersingular_prime_control,support,monster_prime_support_5,13
nonsupersingular_prime_control,support,monster_prime_support_6,17
nonsupersingular_prime_control,support,monster_prime_support_7,19
nonsupersingular_prime_control,support,monster_prime_support_8,23
nonsupersingular_prime_control,support,monster_prime_support_9,29
nonsupersingular_prime_control,support,monster_prime_support_10,31
nonsupersingular_prime_control,support,monster_prime_support_11,41
nonsupersingular_prime_control,support,monster_prime_support_12,47
nonsupersingular_prime_control,support,monster_prime_support_13,59
nonsupersingular_prime_control,support,monster_prime_support_14,73
nonsupersingular_prime_control,support,supersingular_primes_0,2
nonsupersingular_prime_control,support,supersingular_primes_1,3
nonsupersingular_prime_control,support,supersingular_primes_2,5
nonsupersingular_prime_control,support,supersingular_primes_3,7
nonsupersingular_prime_control,support,supersingular_primes_4,11
nonsupersingular_prime_control,support,supersingular_primes_5,13
nonsupersingular_prime_control,support,supersingular_primes_6,17
nonsupersingular_prime_control,support,supersingular_primes_7,19
nonsupersingular_prime_control,support,supersingular_primes_8,23
nonsupersingular_prime_control,support,supersingular_primes_9,29
nonsupersingular_prime_control,support,supersingular_primes_10,31
nonsupersingular_prime_control,support,supersingular_primes_11,41
nonsupersingular_prime_control,support,supersingular_primes_12,47
nonsupersingular_prime_control,support,supersingular_primes_13,59
nonsupersingular_prime_control,support,supersingular_primes_14,73
nonsupersingular_prime_control,support,support_jaccard,1.0
nonsupersingular_prime_control,support,support_count,15
nonsupersingular_prime_control,exponent,exponent_vector_0,46
nonsupersingular_prime_control,exponent,exponent_vector_1,20
nonsupersingular_prime_control,exponent,exponent_vector_2,9
nonsupersingular_prime_control,exponent,exponent_vector_3,6
nonsupersingular_prime_control,exponent,exponent_vector_4,2
nonsupersingular_prime_control,exponent,exponent_vector_5,3
nonsupersingular_prime_control,exponent,exponent_vector_6,1
nonsupersingular_prime_control,exponent,exponent_vector_7,1
nonsupersingular_prime_control,exponent,exponent_vector_8,1
nonsupersingular_prime_control,exponent,exponent_vector_9,1
nonsupersingular_prime_control,exponent,exponent_vector_10,1
nonsupersingular_prime_control,exponent,exponent_vector_11,1
nonsupersingular_prime_control,exponent,exponent_vector_12,1
nonsupersingular_prime_control,exponent,exponent_vector_13,1
nonsupersingular_prime_control,exponent,exponent_vector_14,0
nonsupersingular_prime_control,exponent,exponent_sum,94
nonsupersingular_prime_control,exponent,nonzero_exponent_count,14
nonsupersingular_prime_control,exponent,log10_order,53.919485237783036
nonsupersingular_prime_control,decomposition,residual_abs_sum,0
nonsupersingular_prime_control,decomposition,exact_witness_count,3
nonsupersingular_prime_control,decomposition,witness_count,3
nonsupersingular_prime_control,decomposition,irrep_factor_support_coverage,0.2
nonsupersingular_prime_control,gaussian_class,class_vector_0,0
nonsupersingular_prime_control,gaussian_class,class_vector_1,-1
nonsupersingular_prime_control,gaussian_class,class_vector_2,1
nonsupersingular_prime_control,gaussian_class,class_vector_3,-1
nonsupersingular_prime_control,gaussian_class,class_vector_4,-1
nonsupersingular_prime_control,gaussian_class,class_vector_5,1
nonsupersingular_prime_control,gaussian_class,class_vector_6,1
nonsupersingular_prime_control,gaussian_class,class_vector_7,-1
nonsupersingular_prime_control,gaussian_class,class_vector_8,-1
nonsupersingular_prime_control,gaussian_class,class_vector_9,1
nonsupersingular_prime_control,gaussian_class,class_vector_10,-1
nonsupersingular_prime_control,gaussian_class,class_vector_11,1
nonsupersingular_prime_control,gaussian_class,class_vector_12,-1
nonsupersingular_prime_control,gaussian_class,class_vector_13,-1
nonsupersingular_prime_control,gaussian_class,class_vector_14,-1
nonsupersingular_prime_control,gaussian_class,ramified_count,1
nonsupersingular_prime_control,gaussian_class,split_count,5
nonsupersingular_prime_control,gaussian_class,inert_count,9
nonsupersingular_prime_control,gaussian_class,unknown_count,0
exponent_shuffle_control,support,monster_prime_support_0,2
exponent_shuffle_control,support,monster_prime_support_1,3
exponent_shuffle_control,support,monster_prime_support_2,5
exponent_shuffle_control,support,monster_prime_support_3,7
exponent_shuffle_control,support,monster_prime_support_4,11
exponent_shuffle_control,support,monster_prime_support_5,13
exponent_shuffle_control,support,monster_prime_support_6,17
exponent_shuffle_control,support,monster_prime_support_7,19
exponent_shuffle_control,support,monster_prime_support_8,23
exponent_shuffle_control,support,monster_prime_support_9,29
exponent_shuffle_control,support,monster_prime_support_10,31
exponent_shuffle_control,support,monster_prime_support_11,41
exponent_shuffle_control,support,monster_prime_support_12,47
exponent_shuffle_control,support,monster_prime_support_13,59
exponent_shuffle_control,support,monster_prime_support_14,71
exponent_shuffle_control,support,supersingular_primes_0,2
exponent_shuffle_control,support,supersingular_primes_1,3
exponent_shuffle_control,support,supersingular_primes_2,5
exponent_shuffle_control,support,supersingular_primes_3,7
exponent_shuffle_control,support,supersingular_primes_4,11
exponent_shuffle_control,support,supersingular_primes_5,13
exponent_shuffle_control,support,supersingular_primes_6,17
exponent_shuffle_control,support,supersingular_primes_7,19
exponent_shuffle_control,support,supersingular_primes_8,23
exponent_shuffle_control,support,supersingular_primes_9,29
exponent_shuffle_control,support,supersingular_primes_10,31
exponent_shuffle_control,support,supersingular_primes_11,41
exponent_shuffle_control,support,supersingular_primes_12,47
exponent_shuffle_control,support,supersingular_primes_13,59
exponent_shuffle_control,support,supersingular_primes_14,71
exponent_shuffle_control,support,support_jaccard,1.0
exponent_shuffle_control,support,support_count,15
exponent_shuffle_control,exponent,exponent_vector_0,3
exponent_shuffle_control,exponent,exponent_vector_1,20
exponent_shuffle_control,exponent,exponent_vector_2,46
exponent_shuffle_control,exponent,exponent_vector_3,2
exponent_shuffle_control,exponent,exponent_vector_4,6
exponent_shuffle_control,exponent,exponent_vector_5,9
exponent_shuffle_control,exponent,exponent_vector_6,1
exponent_shuffle_control,exponent,exponent_vector_7,1
exponent_shuffle_control,exponent,exponent_vector_8,1
exponent_shuffle_control,exponent,exponent_vector_9,1
exponent_shuffle_control,exponent,exponent_vector_10,1
exponent_shuffle_control,exponent,exponent_vector_11,1
exponent_shuffle_control,exponent,exponent_vector_12,1
exponent_shuffle_control,exponent,exponent_vector_13,1
exponent_shuffle_control,exponent,exponent_vector_14,1
exponent_shuffle_control,exponent,exponent_sum,95
exponent_shuffle_control,exponent,nonzero_exponent_count,15
exponent_shuffle_control,exponent,log10_order,74.29385976768005
exponent_shuffle_control,decomposition,residual_abs_sum,0
exponent_shuffle_control,decomposition,exact_witness_count,3
exponent_shuffle_control,decomposition,witness_count,3
exponent_shuffle_control,decomposition,irrep_factor_support_coverage,1.0
exponent_shuffle_control,gaussian_class,class_vector_0,0
exponent_shuffle_control,gaussian_class,class_vector_1,-1
exponent_shuffle_control,gaussian_class,class_vector_2,1
exponent_shuffle_control,gaussian_class,class_vector_3,-1
exponent_shuffle_control,gaussian_class,class_vector_4,-1
exponent_shuffle_control,gaussian_class,class_vector_5,1
exponent_shuffle_control,gaussian_class,class_vector_6,1
exponent_shuffle_control,gaussian_class,class_vector_7,-1
exponent_shuffle_control,gaussian_class,class_vector_8,-1
exponent_shuffle_control,gaussian_class,class_vector_9,1
exponent_shuffle_control,gaussian_class,class_vector_10,-1
exponent_shuffle_control,gaussian_class,class_vector_11,1
exponent_shuffle_control,gaussian_class,class_vector_12,-1
exponent_shuffle_control,gaussian_class,class_vector_13,-1
exponent_shuffle_control,gaussian_class,class_vector_14,-1
exponent_shuffle_control,gaussian_class,ramified_count,1
exponent_shuffle_control,gaussian_class,split_count,5
exponent_shuffle_control,gaussian_class,inert_count,9
exponent_shuffle_control,gaussian_class,unknown_count,0
decomposition_break_control,support,monster_prime_support_0,2
decomposition_break_control,support,monster_prime_support_1,3
decomposition_break_control,support,monster_prime_support_2,5
decomposition_break_control,support,monster_prime_support_3,7
decomposition_break_control,support,monster_prime_support_4,11
decomposition_break_control,support,monster_prime_support_5,13
decomposition_break_control,support,monster_prime_support_6,17
decomposition_break_control,support,monster_prime_support_7,19
decomposition_break_control,support,monster_prime_support_8,23
decomposition_break_control,support,monster_prime_support_9,29
decomposition_break_control,support,monster_prime_support_10,31
decomposition_break_control,support,monster_prime_support_11,41
decomposition_break_control,support,monster_prime_support_12,47
decomposition_break_control,support,monster_prime_support_13,59
decomposition_break_control,support,monster_prime_support_14,71
decomposition_break_control,support,supersingular_primes_0,2
decomposition_break_control,support,supersingular_primes_1,3
decomposition_break_control,support,supersingular_primes_2,5
decomposition_break_control,support,supersingular_primes_3,7
decomposition_break_control,support,supersingular_primes_4,11
decomposition_break_control,support,supersingular_primes_5,13
decomposition_break_control,support,supersingular_primes_6,17
decomposition_break_control,support,supersingular_primes_7,19
decomposition_break_control,support,supersingular_primes_8,23
decomposition_break_control,support,supersingular_primes_9,29
decomposition_break_control,support,supersingular_primes_10,31
decomposition_break_control,support,supersingular_primes_11,41
decomposition_break_control,support,supersingular_primes_12,47
decomposition_break_control,support,supersingular_primes_13,59
decomposition_break_control,support,supersingular_primes_14,71
decomposition_break_control,support,support_jaccard,1.0
decomposition_break_control,support,support_count,15
decomposition_break_control,exponent,exponent_vector_0,46
decomposition_break_control,exponent,exponent_vector_1,20
decomposition_break_control,exponent,exponent_vector_2,9
decomposition_break_control,exponent,exponent_vector_3,6
decomposition_break_control,exponent,exponent_vector_4,2
decomposition_break_control,exponent,exponent_vector_5,3
decomposition_break_control,exponent,exponent_vector_6,1
decomposition_break_control,exponent,exponent_vector_7,1
decomposition_break_control,exponent,exponent_vector_8,1
decomposition_break_control,exponent,exponent_vector_9,1
decomposition_break_control,exponent,exponent_vector_10,1
decomposition_break_control,exponent,exponent_vector_11,1
decomposition_break_control,exponent,exponent_vector_12,1
decomposition_break_control,exponent,exponent_vector_13,1
decomposition_break_control,exponent,exponent_vector_14,1
decomposition_break_control,exponent,exponent_sum,95
decomposition_break_control,exponent,nonzero_exponent_count,15
decomposition_break_control,exponent,log10_order,53.90742072638165
decomposition_break_control,decomposition,residual_abs_sum,1
decomposition_break_control,decomposition,exact_witness_count,2
decomposition_break_control,decomposition,witness_count,3
decomposition_break_control,decomposition,irrep_factor_support_coverage,1.0
decomposition_break_control,gaussian_class,class_vector_0,0
decomposition_break_control,gaussian_class,class_vector_1,-1
decomposition_break_control,gaussian_class,class_vector_2,1
decomposition_break_control,gaussian_class,class_vector_3,-1
decomposition_break_control,gaussian_class,class_vector_4,-1
decomposition_break_control,gaussian_class,class_vector_5,1
decomposition_break_control,gaussian_class,class_vector_6,1
decomposition_break_control,gaussian_class,class_vector_7,-1
decomposition_break_control,gaussian_class,class_vector_8,-1
decomposition_break_control,gaussian_class,class_vector_9,1
decomposition_break_control,gaussian_class,class_vector_10,-1
decomposition_break_control,gaussian_class,class_vector_11,1
decomposition_break_control,gaussian_class,class_vector_12,-1
decomposition_break_control,gaussian_class,class_vector_13,-1
decomposition_break_control,gaussian_class,class_vector_14,-1
decomposition_break_control,gaussian_class,ramified_count,1
decomposition_break_control,gaussian_class,split_count,5
decomposition_break_control,gaussian_class,inert_count,9
decomposition_break_control,gaussian_class,unknown_count,0
gaussian_class_swap_control,support,monster_prime_support_0,2
gaussian_class_swap_control,support,monster_prime_support_1,3
gaussian_class_swap_control,support,monster_prime_support_2,5
gaussian_class_swap_control,support,monster_prime_support_3,7
gaussian_class_swap_control,support,monster_prime_support_4,11
gaussian_class_swap_control,support,monster_prime_support_5,13
gaussian_class_swap_control,support,monster_prime_support_6,17
gaussian_class_swap_control,support,monster_prime_support_7,19
gaussian_class_swap_control,support,monster_prime_support_8,23
gaussian_class_swap_control,support,monster_prime_support_9,29
gaussian_class_swap_control,support,monster_prime_support_10,31
gaussian_class_swap_control,support,monster_prime_support_11,41
gaussian_class_swap_control,support,monster_prime_support_12,47
gaussian_class_swap_control,support,monster_prime_support_13,59
gaussian_class_swap_control,support,monster_prime_support_14,71
gaussian_class_swap_control,support,supersingular_primes_0,2
gaussian_class_swap_control,support,supersingular_primes_1,3
gaussian_class_swap_control,support,supersingular_primes_2,5
gaussian_class_swap_control,support,supersingular_primes_3,7
gaussian_class_swap_control,support,supersingular_primes_4,11
gaussian_class_swap_control,support,supersingular_primes_5,13
gaussian_class_swap_control,support,supersingular_primes_6,17
gaussian_class_swap_control,support,supersingular_primes_7,19
gaussian_class_swap_control,support,supersingular_primes_8,23
gaussian_class_swap_control,support,supersingular_primes_9,29
gaussian_class_swap_control,support,supersingular_primes_10,31
gaussian_class_swap_control,support,supersingular_primes_11,41
gaussian_class_swap_control,support,supersingular_primes_12,47
gaussian_class_swap_control,support,supersingular_primes_13,59
gaussian_class_swap_control,support,supersingular_primes_14,71
gaussian_class_swap_control,support,support_jaccard,1.0
gaussian_class_swap_control,support,support_count,15
gaussian_class_swap_control,exponent,exponent_vector_0,46
gaussian_class_swap_control,exponent,exponent_vector_1,20
gaussian_class_swap_control,exponent,exponent_vector_2,9
gaussian_class_swap_control,exponent,exponent_vector_3,6
gaussian_class_swap_control,exponent,exponent_vector_4,2
gaussian_class_swap_control,exponent,exponent_vector_5,3
gaussian_class_swap_control,exponent,exponent_vector_6,1
gaussian_class_swap_control,exponent,exponent_vector_7,1
gaussian_class_swap_control,exponent,exponent_vector_8,1
gaussian_class_swap_control,exponent,exponent_vector_9,1
gaussian_class_swap_control,exponent,exponent_vector_10,1
gaussian_class_swap_control,exponent,exponent_vector_11,1
gaussian_class_swap_control,exponent,exponent_vector_12,1
gaussian_class_swap_control,exponent,exponent_vector_13,1
gaussian_class_swap_control,exponent,exponent_vector_14,1
gaussian_class_swap_control,exponent,exponent_sum,95
gaussian_class_swap_control,exponent,nonzero_exponent_count,15
gaussian_class_swap_control,exponent,log10_order,53.90742072638165
gaussian_class_swap_control,decomposition,residual_abs_sum,0
gaussian_class_swap_control,decomposition,exact_witness_count,3
gaussian_class_swap_control,decomposition,witness_count,3
gaussian_class_swap_control,decomposition,irrep_factor_support_coverage,1.0
gaussian_class_swap_control,gaussian_class,class_vector_0,0
gaussian_class_swap_control,gaussian_class,class_vector_1,1
gaussian_class_swap_control,gaussian_class,class_vector_2,-1
gaussian_class_swap_control,gaussian_class,class_vector_3,-1
gaussian_class_swap_control,gaussian_class,class_vector_4,-1
gaussian_class_swap_control,gaussian_class,class_vector_5,1
gaussian_class_swap_control,gaussian_class,class_vector_6,1
gaussian_class_swap_control,gaussian_class,class_vector_7,-1
gaussian_class_swap_control,gaussian_class,class_vector_8,-1
gaussian_class_swap_control,gaussian_class,class_vector_9,1
gaussian_class_swap_control,gaussian_class,class_vector_10,-1
gaussian_class_swap_control,gaussian_class,class_vector_11,1
gaussian_class_swap_control,gaussian_class,class_vector_12,-1
gaussian_class_swap_control,gaussian_class,class_vector_13,-1
gaussian_class_swap_control,gaussian_class,class_vector_14,-1
gaussian_class_swap_control,gaussian_class,ramified_count,1
gaussian_class_swap_control,gaussian_class,split_count,5
gaussian_class_swap_control,gaussian_class,inert_count,9
gaussian_class_swap_control,gaussian_class,unknown_count,0
