event_id,seed,signal_to_noise,sample,sample_role,control_type,specificity_score,base_strain_proxy_score,ridge_coherence_score,phase_continuity_score,ridge_monotonicity,ridge_slope_hz,ridge_concentration,ridge_smoothness,phase_valid_fraction,phase_frequency_correlation,phase_smoothness,phase_range_hz
surrogate_01,6601,14.695342657782714,strain_proxy_target,target,none,0.8259382767051463,0.9557275981933141,0.6087579469975526,0.8884118196409421,0.47619047619047616,24.695250280918003,0.8069430671458229,0.8751995730794243,1.0,0.7893249037209793,0.9719403719040834,130.01844767713044
surrogate_01,6601,14.695342657782714,time_shuffle_control,negative_control,global_time_shuffle,0.32094311635296874,0.24982254431764156,0.19196599940191278,0.6413319241752748,0.38095238095238093,-30.738005987621932,0.3773485716416614,0.1577600954957884,1.0,0.22713863984916677,0.9067719680271986,105.00108296095729
surrogate_01,6601,14.695342657782714,phase_scramble_control,negative_control,fft_phase_scramble,0.4170135053075662,0.41426634870239787,0.2669963020989345,0.6532825481287672,0.38095238095238093,-6.476268395957646,0.4559806403560815,0.4006520636505888,1.0,0.26089741732962946,0.9427239644115422,97.39659776031229
surrogate_01,6601,14.695342657782714,amplitude_preserving_surrogate_control,negative_control,iaaft_amplitude_spectrum_surrogate,0.4231613586705295,0.3897684252143134,0.34976130887661333,0.6633962171056883,0.5238095238095238,11.408277968714287,0.4866991572776771,0.25216228076776015,1.0,0.2936151447084655,0.9355984935654659,97.43569231118889
surrogate_01,6601,14.695342657782714,sliding_window_scramble_control,negative_control,event_window_sliding_scramble,0.5890393601256881,0.6146554993817748,0.5471310210754826,0.7015339570254179,0.5238095238095238,37.2470253504342,0.5931355512716665,0.6350752196357565,1.0,0.4265034710030262,0.9641323981868931,83.18413580232487
surrogate_01,6601,14.695342657782714,partial_overlap_scramble_control,negative_control,partial_event_overlap_scramble,0.6443975527142687,0.7028528108679035,0.5607975244572078,0.5989969814217116,0.6190476190476191,-25.037070860169905,0.7793157043095325,0.7880095284358377,1.0,0.0,0.9692671059372953,126.04330988609959
surrogate_01,6601,14.695342657782714,chirp_reversal_control,negative_control,event_window_chirp_reversal,0.618549938082152,0.6828901181283318,0.5104291259825248,0.6015237369038208,0.42857142857142855,-23.777494965242795,0.8255169498464447,0.890820287630279,1.0,0.0,0.9710685761593901,127.84682326090513
surrogate_01,6601,14.695342657782714,envelope_locked_phase_control,negative_control,event_envelope_preserved_phase_scramble,0.6949375573108735,0.8885916948414081,0.4504968089799148,0.700450637386851,0.42857142857142855,69.60681971288412,0.40326212482519996,0.09446291887595071,1.0,0.42881421551505744,0.9271012263514488,89.18805527193221
surrogate_01,6601,14.695342657782714,multi_event_timing_randomization_control,negative_control,multi_event_timing_randomization,0.3611978910753817,0.37434799040959854,0.27459246587390146,0.5612660539775842,0.5238095238095238,16.273510251134525,0.31767307081294105,0.22648865283032382,1.0,0.0,0.8980095177154526,108.27935726394846
surrogate_01,6601,14.695342657782714,micro_chunk_scramble_control,negative_control,event_window_micro_chunk_scramble,0.48244064365651396,0.620365696712372,0.244703917259198,0.5402901199494848,0.42857142857142855,-8.740650665887472,0.4578419966844654,0.11883775320478185,1.0,0.0,0.9410606436500863,81.31951471326076
surrogate_02,6602,17.49999889026142,strain_proxy_target,target,none,0.9137576066886991,0.9673011955392905,0.878024317778627,0.8967385614241737,0.7142857142857143,94.12967322477542,0.8197366748913413,0.8226226780106003,1.0,0.8084422683856373,0.9743075033584176,130.7731073327513
surrogate_02,6602,17.49999889026142,time_shuffle_control,negative_control,global_time_shuffle,0.3569357346176164,0.2422830795972702,0.39175917505213775,0.5815990186626045,0.5714285714285714,47.646754913685584,0.3666563469119304,0.0,1.0,0.0,0.8905959119653054,127.32044426441303
surrogate_02,6602,17.49999889026142,phase_scramble_control,negative_control,fft_phase_scramble,0.3168154007159325,0.2564190487026561,0.29235839413727627,0.5256496515401725,0.5238095238095238,-13.513580079785953,0.43134886074945045,0.326666540364432,1.0,0.0,0.9470623168689257,67.47209889557053
surrogate_02,6602,17.49999889026142,amplitude_preserving_surrogate_control,negative_control,iaaft_amplitude_spectrum_surrogate,0.2738241092172517,0.14920570437553057,0.25042471831282,0.5480250156878714,0.3333333333333333,-21.295956605410396,0.47810106110474726,0.3154935159227409,1.0,0.0,0.9396285584655659,88.27608364833898
surrogate_02,6602,17.49999889026142,sliding_window_scramble_control,negative_control,event_window_sliding_scramble,0.6017970970053216,0.7520322067101834,0.5114187436939691,0.6176742762860061,0.47619047619047616,32.99600071413224,0.6012522514897983,0.5690687380301154,1.0,0.14956443898903463,0.9594038413675775,97.7999679437163
surrogate_02,6602,17.49999889026142,partial_overlap_scramble_control,negative_control,partial_event_overlap_scramble,0.6196923273176842,0.7122703647028028,0.45987403233117136,0.6029339263403108,0.42857142857142855,-76.42942376181836,0.7859642664282268,0.5297124758348977,1.0,0.0,0.970581229140691,129.16187143730264
surrogate_02,6602,17.49999889026142,chirp_reversal_control,negative_control,event_window_chirp_reversal,0.5862263852695989,0.6872545774584579,0.39568781947368864,0.6043202086415669,0.14285714285714285,-76.3115198402989,0.8259671395366759,0.7651170778732861,1.0,0.0,0.9747626070456737,129.49146309635444
surrogate_02,6602,17.49999889026142,envelope_locked_phase_control,negative_control,event_envelope_preserved_phase_scramble,0.5404193615383431,0.7232931812360603,0.25419336943239657,0.5528862083527583,0.47619047619047616,-10.477660973722266,0.415951753037505,0.22708600518184419,1.0,0.0,0.932483877291893,93.93867810788399
surrogate_02,6602,17.49999889026142,multi_event_timing_randomization_control,negative_control,multi_event_timing_randomization,0.3151084300484653,0.28299580367915217,0.20928638304024902,0.5781627477239956,0.5238095238095238,-4.196949100699101,0.3597830278112709,0.0,1.0,0.0,0.9091941439711511,120.5177985638472
surrogate_02,6602,17.49999889026142,micro_chunk_scramble_control,negative_control,event_window_micro_chunk_scramble,0.5464345713720146,0.789211951057381,0.23648707555112863,0.5398428770448964,0.3333333333333333,-30.624484698528676,0.4686046921591277,0.2513291195961985,1.0,0.0,0.9438651539984839,80.3547900734186
surrogate_03,6603,14.700804946526196,strain_proxy_target,target,none,0.9150786336361976,0.9633450652669802,0.8445950447502505,0.9455022473383785,0.6190476190476191,92.1124799522382,0.8514128645421478,0.8151346733861424,1.0,0.931036154887118,0.9729845862178494,135.03335715246388
surrogate_03,6603,14.700804946526196,time_shuffle_control,negative_control,global_time_shuffle,0.4269380688446049,0.44943223558869067,0.23886377866701744,0.749896204238314,0.47619047619047616,4.6041826490458675,0.38528790589067125,0.11956699726305875,1.0,0.46924907434258606,0.906195626161791,123.5518667522431
surrogate_03,6603,14.700804946526196,phase_scramble_control,negative_control,fft_phase_scramble,0.49725795910640247,0.5488773034357292,0.37628626638202,0.6145831126020949,0.47619047619047616,16.85971689950344,0.464373663728472,0.5075111933892218,1.0,0.11357956460457719,0.9443749082816303,109.39942311284807
surrogate_03,6603,14.700804946526196,amplitude_preserving_surrogate_control,negative_control,iaaft_amplitude_spectrum_surrogate,0.400831359207649,0.34622426574308424,0.4220990937041843,0.5795754842360928,0.5714285714285714,31.43494321359387,0.4025123168445937,0.4784990134548166,1.0,0.13670808707353727,0.9265698698424766,75.76383133194935
surrogate_03,6603,14.700804946526196,sliding_window_scramble_control,negative_control,event_window_sliding_scramble,0.4803816072399694,0.5373605712264284,0.38759159152618383,0.5684944011824157,0.38095238095238093,-79.16460148686363,0.6606789063647441,0.49919630735331666,1.0,0.0,0.9630427981352795,101.06355607023355
surrogate_03,6603,14.700804946526196,partial_overlap_scramble_control,negative_control,partial_event_overlap_scramble,0.6307632452494027,0.7107075458964097,0.49551439824280347,0.6078325462389959,0.5238095238095238,-127.27208643937071,0.8210627095678149,0.5529940010540384,1.0,0.0,0.9691057144547991,133.6850671629213
surrogate_03,6603,14.700804946526196,chirp_reversal_control,negative_control,event_window_chirp_reversal,0.5911808098737475,0.6723396940410189,0.433826571393798,0.6104368794526644,0.23809523809523808,-126.24816310048129,0.8576357363357968,0.806244217438693,1.0,0.0,0.9733592860147794,135.0486159745178
surrogate_03,6603,14.700804946526196,envelope_locked_phase_control,negative_control,event_envelope_preserved_phase_scramble,0.5816407634057899,0.7457891489868628,0.350688678501066,0.5503293928534377,0.47619047619047616,29.600816639118648,0.383763734968378,0.3143224221171843,1.0,0.0,0.9328959378645187,91.65181668734868
surrogate_03,6603,14.700804946526196,multi_event_timing_randomization_control,negative_control,multi_event_timing_randomization,0.3077031391266313,0.25520320468427277,0.1964776062067989,0.5999658061923663,0.42857142857142855,-84.8053227603167,0.39729636427731696,0.0,1.0,0.0,0.9292378361271021,135.15029142160316
surrogate_03,6603,14.700804946526196,micro_chunk_scramble_control,negative_control,event_window_micro_chunk_scramble,0.5915814797452098,0.7501717293856455,0.35240810296110897,0.5774849380419093,0.42857142857142855,19.938233530673074,0.480560690545054,0.31718904671125947,1.0,0.0693890828157302,0.9312891455626919,93.85721311358918
surrogate_04,6604,10.779551811855317,strain_proxy_target,target,none,0.8862851523664095,0.9510706548146733,0.8246466596759743,0.8938876439976073,0.6666666666666666,83.22321011233385,0.7561318013430519,0.571415597235233,1.0,0.8074203922673991,0.966217601710843,130.30684526369396
surrogate_04,6604,10.779551811855317,time_shuffle_control,negative_control,global_time_shuffle,0.3480339556167054,0.2840365180991733,0.31590609652751905,0.5762679238216171,0.5714285714285714,6.95717345179952,0.353070425819081,0.5012518742329919,1.0,0.0,0.9067533565533709,119.3905740475847
surrogate_04,6604,10.779551811855317,phase_scramble_control,negative_control,fft_phase_scramble,0.32764736903025055,0.24338609390518623,0.28478575845263915,0.569068458657179,0.47619047619047616,-29.423508660074333,0.437292791738658,0.3660712483656152,1.0,0.0,0.9398454808824321,106.3519955724237
surrogate_04,6604,10.779551811855317,amplitude_preserving_surrogate_control,negative_control,iaaft_amplitude_spectrum_surrogate,0.3098092566354886,0.19486397851258766,0.2936917322741067,0.5757332750332472,0.5238095238095238,-37.89727285698038,0.4528932505334647,0.25590073282993875,1.0,0.0,0.9294599860969319,114.23747859637473
surrogate_04,6604,10.779551811855317,sliding_window_scramble_control,negative_control,event_window_sliding_scramble,0.6879680001288462,0.8190121232227283,0.522926897391257,0.8102325497470938,0.6190476190476191,45.4096856940001,0.48996622714516397,0.41628878147861437,1.0,0.650820464095628,0.951220713794314,109.91584867286122
surrogate_04,6604,10.779551811855317,partial_overlap_scramble_control,negative_control,partial_event_overlap_scramble,0.5936408437057237,0.6756110433281955,0.4746658988265313,0.6011322524701541,0.5714285714285714,-92.05023556783974,0.7239163062873893,0.42290328229506824,1.0,0.0,0.9579155289222743,130.22800809425163
surrogate_04,6604,10.779551811855317,chirp_reversal_control,negative_control,event_window_chirp_reversal,0.5756217846421959,0.6623110134175147,0.4293095520105469,0.6036222232987021,0.3333333333333333,-91.98395395222485,0.7619339214856727,0.5426872762658108,1.0,0.0,0.965037968543333,130.90017878603797
surrogate_04,6604,10.779551811855317,envelope_locked_phase_control,negative_control,event_envelope_preserved_phase_scramble,0.595192475107457,0.8679981632347291,0.2739636111618623,0.5500297271170892,0.5238095238095238,-15.08233537909257,0.3786819072387251,0.3915495943067252,1.0,0.04307519594817088,0.9290850693190151,78.82803994763076
surrogate_04,6604,10.779551811855317,multi_event_timing_randomization_control,negative_control,multi_event_timing_randomization,0.3692836170322239,0.3394929631552637,0.26772649856593106,0.6427335555172402,0.5714285714285714,-45.9681592992533,0.3800281028353321,0.22633565354689456,1.0,0.2463764682414863,0.9149353316441243,98.55722133408824
surrogate_04,6604,10.779551811855317,micro_chunk_scramble_control,negative_control,event_window_micro_chunk_scramble,0.5875625598630645,0.7573043943646818,0.3286703607836058,0.611015483445888,0.42857142857142855,31.10311276963651,0.388871211422474,0.21701953985973377,1.0,0.23172884458136833,0.9339669485419368,71.85199955951236
surrogate_05,6605,12.014560068248612,strain_proxy_target,target,none,0.8343676284296841,0.9514131821652099,0.7214787688845541,0.7992180268999866,0.6666666666666666,45.804211825235996,0.7927146671544336,0.702910546236994,1.0,0.637565318813118,0.9708885465363362,100.4755302698569
surrogate_05,6605,12.014560068248612,time_shuffle_control,negative_control,global_time_shuffle,0.41187059108164353,0.4502180076569353,0.26089285811064217,0.6423067421068984,0.47619047619047616,-0.13212264312679167,0.3897668976342811,0.37252280780244473,1.0,0.1347522826330775,0.9159238398179433,132.58889341342248
surrogate_05,6605,12.014560068248612,phase_scramble_control,negative_control,fft_phase_scramble,0.34802929774814684,0.23340342285316906,0.33914741915100705,0.6182515119732122,0.42857142857142855,14.76111771996662,0.4804191066194114,0.34926863593232294,1.0,0.13223455763626674,0.9382071494235658,108.04994489548642
surrogate_05,6605,12.014560068248612,amplitude_preserving_surrogate_control,negative_control,iaaft_amplitude_spectrum_surrogate,0.36124618692722693,0.3480736139491366,0.28102121335103075,0.5873881265896712,0.47619047619047616,1.0346047169780945,0.43860249364611226,0.3090665024335315,1.0,0.10575394877113257,0.9421491521835301,88.86744899301397
surrogate_05,6605,12.014560068248612,sliding_window_scramble_control,negative_control,event_window_sliding_scramble,0.49968416357798434,0.6303572616182939,0.3560393365159873,0.5491787662363611,0.3333333333333333,-12.142287247114268,0.6153266160735696,0.5584840622106226,1.0,0.0,0.9551522711656024,86.06135710708645
surrogate_05,6605,12.014560068248612,partial_overlap_scramble_control,negative_control,partial_event_overlap_scramble,0.6269775590009921,0.7140616686221473,0.5056285208484014,0.5777440543667032,0.5238095238095238,-56.05357959121943,0.7592373531306736,0.6280798961971029,1.0,0.0,0.9651543659935586,108.59214451043673
surrogate_05,6605,12.014560068248612,chirp_reversal_control,negative_control,event_window_chirp_reversal,0.5871956774396184,0.6735908473383652,0.45781768145723356,0.5687871017238902,0.3333333333333333,-55.31607694602707,0.7956833679516382,0.7463167723135729,1.0,0.0,0.9705349376643547,99.76722825605
surrogate_05,6605,12.014560068248612,envelope_locked_phase_control,negative_control,event_envelope_preserved_phase_scramble,0.6066790937807739,0.7111193569067344,0.4051532028536496,0.6673746274664843,0.6190476190476191,38.58004467614185,0.40963726385102994,0.04098731252886201,1.0,0.30777680455831835,0.9258883336851425,98.47819749924236
surrogate_05,6605,12.014560068248612,multi_event_timing_randomization_control,negative_control,multi_event_timing_randomization,0.44492651987856535,0.5090725222897122,0.3805557075177636,0.5839820372027187,0.5714285714285714,33.05573973000972,0.3756251385900995,0.24242958264552483,1.0,0.0,0.9184951530938584,123.60664484072142
surrogate_05,6605,12.014560068248612,micro_chunk_scramble_control,negative_control,event_window_micro_chunk_scramble,0.5211417572589699,0.6536498985564971,0.2762032813564275,0.5671838655459425,0.47619047619047616,-31.590887595206823,0.4755792354646146,0.1620854415568116,1.0,0.0,0.9340449711947387,105.92792350653778
surrogate_06,6606,16.428457307254174,strain_proxy_target,target,none,0.9080685625839431,0.9697889353940996,0.8287175323687561,0.9247289116680544,0.6190476190476191,105.02223431898997,0.8316131533108752,0.7017238706611826,1.0,0.8721501491044695,0.9743237873691817,135.12310054658604
surrogate_06,6606,16.428457307254174,time_shuffle_control,negative_control,global_time_shuffle,0.358062990498927,0.26305175287788163,0.2551772639363846,0.7001351227515793,0.5238095238095238,12.230085166687644,0.3322776833739626,0.13200163544521548,1.0,0.23366456990524853,0.9000661566070411,157.24230873042498
surrogate_06,6606,16.428457307254174,phase_scramble_control,negative_control,fft_phase_scramble,0.4202246043090428,0.42570386189085596,0.36243217386081394,0.5930436400883468,0.47619047619047616,-48.16861247733377,0.5648504475445256,0.445318355420773,1.0,0.1279162864523462,0.9406876762624081,87.16918818161804
surrogate_06,6606,16.428457307254174,amplitude_preserving_surrogate_control,negative_control,iaaft_amplitude_spectrum_surrogate,0.3534748329800308,0.2969740123254011,0.27439640051916714,0.6059580980395388,0.42857142857142855,-43.20769355385747,0.4465632459083796,0.37295953093531586,1.0,0.14731595228105024,0.9368037556380145,93.07875193950983
surrogate_06,6606,16.428457307254174,sliding_window_scramble_control,negative_control,event_window_sliding_scramble,0.7691064138748245,0.7867302589638957,0.7323767479708755,0.8317959513056044,0.5238095238095238,71.32084658632934,0.746613147619228,0.5552239749741352,1.0,0.7380075202349861,0.9688910966360527,97.80446682441834
surrogate_06,6606,16.428457307254174,partial_overlap_scramble_control,negative_control,partial_event_overlap_scramble,0.6439505347872756,0.712801083173171,0.5362386124306868,0.6088920307254968,0.5714285714285714,-77.06748252977334,0.8122821672770069,0.7282349867498036,1.0,0.0,0.9707577564366368,134.25597901671728
surrogate_06,6606,16.428457307254174,chirp_reversal_control,negative_control,event_window_chirp_reversal,0.6028053856394594,0.6753536755173539,0.4670180689045096,0.6114283483112481,0.3333333333333333,-76.60943840230422,0.8441560687497567,0.812033825508402,1.0,0.0,0.9739954217475213,135.7709127735315
surrogate_06,6606,16.428457307254174,envelope_locked_phase_control,negative_control,event_envelope_preserved_phase_scramble,0.5543744633563175,0.7223615472385548,0.19995897366645565,0.6818344048596181,0.42857142857142855,-26.32618137367521,0.40396898524165903,0.0,1.0,0.27269545798063216,0.9120825253862898,124.65809029750864
surrogate_06,6606,16.428457307254174,multi_event_timing_randomization_control,negative_control,multi_event_timing_randomization,0.4479886584762216,0.43574761602376655,0.40305267807445516,0.6626617244659422,0.47619047619047616,45.829479413193326,0.37741073194009667,0.316205734911458,1.0,0.2751739787810034,0.9126408486956493,107.2645539153494
surrogate_06,6606,16.428457307254174,micro_chunk_scramble_control,negative_control,event_window_micro_chunk_scramble,0.6955020964660413,0.7673573256518799,0.5627378186559184,0.7091501447097317,0.6190476190476191,49.453143758093944,0.537074639952319,0.426472274018179,1.0,0.3837287707670842,0.9492904603109236,106.07001054243759
surrogate_07,6607,16.954150196524115,strain_proxy_target,target,none,0.931746073403215,0.9637448272251715,0.8969815060963532,0.9491256959008179,0.7619047619047619,99.91114559540986,0.8713287342922371,0.8423849074909582,1.0,0.9337127923477112,0.9783078742970197,136.22364515430746
surrogate_07,6607,16.954150196524115,time_shuffle_control,negative_control,global_time_shuffle,0.33779976065038975,0.24337985453306593,0.3281263889351761,0.5800470126984982,0.47619047619047616,45.14271162545356,0.3231452497067482,0.0,1.0,0.0796450680560454,0.9156752214784755,96.1109662874478
surrogate_07,6607,16.954150196524115,phase_scramble_control,negative_control,fft_phase_scramble,0.44262328569020104,0.36654591286414395,0.44282925087461333,0.6572991668666968,0.47619047619047616,34.93379416376601,0.4468212248758991,0.6073998882919329,1.0,0.23321100465419894,0.9345649789087894,111.12433105125962
surrogate_07,6607,16.954150196524115,amplitude_preserving_surrogate_control,negative_control,iaaft_amplitude_spectrum_surrogate,0.3797838432842459,0.34404050030005695,0.26346224929644474,0.6367216620434298,0.42857142857142855,4.432002855288204,0.4554434828335074,0.15366676950357772,1.0,0.3058247903884141,0.9413447492800553,69.49338688800037
surrogate_07,6607,16.954150196524115,sliding_window_scramble_control,negative_control,event_window_sliding_scramble,0.6601232112174351,0.7080613914638372,0.6212966267049282,0.6914078572230734,0.5714285714285714,45.743075374871125,0.6805310686195223,0.5162649745752828,1.0,0.33812922968041864,0.9616970494299658,102.36375897007946
surrogate_07,6607,16.954150196524115,partial_overlap_scramble_control,negative_control,partial_event_overlap_scramble,0.6329323436742972,0.7112590257397484,0.4974385282005862,0.6112835337769884,0.47619047619047616,-108.66862413026746,0.8432403461356053,0.6823840449701737,1.0,0.0,0.9739131509734125,135.6632139956792
surrogate_07,6607,16.954150196524115,chirp_reversal_control,negative_control,event_window_chirp_reversal,0.602280252588342,0.6949800812058803,0.42552080448734747,0.6129637528539618,0.19047619047619047,-107.58525329421207,0.8832331594009553,0.862563569467448,1.0,0.0,0.9765242550572748,136.57044113463027
surrogate_07,6607,16.954150196524115,envelope_locked_phase_control,negative_control,event_envelope_preserved_phase_scramble,0.6210824272487588,0.7556556460087804,0.38143842297429387,0.6487355195729447,0.47619047619047616,17.138218551677767,0.5040501735827847,0.3896568190382983,1.0,0.19486076931284768,0.9316628712581867,116.23842108524993
surrogate_07,6607,16.954150196524115,multi_event_timing_randomization_control,negative_control,multi_event_timing_randomization,0.4073484001116483,0.4812800843630911,0.2554325346406513,0.6188274482814885,0.5238095238095238,-39.89420136302732,0.39264135962788943,0.20716195807758675,1.0,0.10784605452633664,0.9200049557187621,119.86811271290665
surrogate_07,6607,16.954150196524115,micro_chunk_scramble_control,negative_control,event_window_micro_chunk_scramble,0.6708048696403884,0.9144835376453294,0.4325814397828316,0.5859100768233001,0.5238095238095238,17.208364682253773,0.5304360584944646,0.539274451865376,1.0,0.0,0.9530914222166693,118.11700556195231
surrogate_08,6608,12.74995155770915,strain_proxy_target,target,none,0.7942345462493525,0.9540910286158447,0.508571985211935,0.8831117076979521,0.5238095238095238,-9.074226012336169,0.7917772040175184,0.6462624794049778,1.0,0.7688182869444907,0.97324084146656,131.5427498840221
surrogate_08,6608,12.74995155770915,time_shuffle_control,negative_control,global_time_shuffle,0.29982716963956835,0.20642044239750099,0.22227994082702127,0.6035564332455985,0.47619047619047616,-41.81973864557793,0.343473041888906,0.2692399417841903,1.0,0.0,0.9118980094731105,141.82578444815593
surrogate_08,6608,12.74995155770915,phase_scramble_control,negative_control,fft_phase_scramble,0.48514402054850503,0.5643771832041792,0.38409438958457315,0.6163306781766431,0.47619047619047616,21.540417651914765,0.4572136283549914,0.47580343063354547,1.0,0.22379568825881171,0.9394641359168211,77.75216586906808
surrogate_08,6608,12.74995155770915,amplitude_preserving_surrogate_control,negative_control,iaaft_amplitude_spectrum_surrogate,0.35378003711190553,0.29468514242388694,0.3158934205007512,0.5882187501391059,0.47619047619047616,23.375781414179443,0.4102605884099963,0.11886895473899373,1.0,0.08600149364772934,0.9257860831455811,99.08767018334724
surrogate_08,6608,12.74995155770915,sliding_window_scramble_control,negative_control,event_window_sliding_scramble,0.4379822259826137,0.5056069526301243,0.3511034620545171,0.5480004066280071,0.47619047619047616,-13.618225254674144,0.5768015454696332,0.31986073223874856,1.0,0.0,0.9579633785866106,84.46569635510656
surrogate_08,6608,12.74995155770915,partial_overlap_scramble_control,negative_control,partial_event_overlap_scramble,0.6235251217528647,0.7028691474960596,0.4816379284708373,0.6047073380513046,0.5714285714285714,-31.99551671825546,0.7714222470049996,0.33823010132230724,1.0,0.0,0.968968944906569,131.02218137459914
surrogate_08,6608,12.74995155770915,chirp_reversal_control,negative_control,event_window_chirp_reversal,0.6133163423622195,0.6951338681274402,0.4606041287348332,0.6070068020225028,0.3333333333333333,-32.453188566602165,0.8068482805909384,0.7662199671535703,1.0,0.0,0.9736197979776833,132.04109904843395
surrogate_08,6608,12.74995155770915,envelope_locked_phase_control,negative_control,event_envelope_preserved_phase_scramble,0.5776651621944673,0.7576803562970161,0.33044680606459886,0.5574173437306589,0.5238095238095238,29.548176038551418,0.37633770634867914,0.08304991840192022,1.0,0.0,0.9127371992158255,101.92146926346344
surrogate_08,6608,12.74995155770915,multi_event_timing_randomization_control,negative_control,multi_event_timing_randomization,0.3760150341310679,0.2764128669488606,0.43559751204351155,0.5605755768718587,0.5714285714285714,48.03345390990225,0.3671400436947938,0.30189669896893645,1.0,0.056134542281434524,0.9136823309298592,87.04402358468487
surrogate_08,6608,12.74995155770915,micro_chunk_scramble_control,negative_control,event_window_micro_chunk_scramble,0.6541500073393944,0.8142204750308955,0.5308769891191497,0.5950139805152592,0.5238095238095238,65.24164127161117,0.4431406453710538,0.39516670806243137,1.0,0.13489827860292455,0.9409748359194204,86.64210632010867
surrogate_09,6609,10.547206177379163,strain_proxy_target,target,none,0.8302880322806998,0.9265902152092954,0.7096468173534884,0.8458096669461425,0.5238095238095238,55.38206389310511,0.7523105992873481,0.7603853859669468,1.0,0.651197303704117,0.9660438319034914,137.37143490640267
surrogate_09,6609,10.547206177379163,time_shuffle_control,negative_control,global_time_shuffle,0.29539452773950525,0.21023269158129185,0.2410065495948617,0.5615312878644722,0.47619047619047616,15.83210705916855,0.3267678224598873,0.07910795645339197,1.0,0.0,0.9039868681642508,107.27243401823921
surrogate_09,6609,10.547206177379163,phase_scramble_control,negative_control,fft_phase_scramble,0.3631329788062529,0.3575217734272662,0.25616840944698216,0.5732127760673036,0.47619047619047616,-2.2011933129373915,0.4338249689500355,0.17458517579833532,1.0,0.10785324895402507,0.9440732111485465,75.61247524484182
surrogate_09,6609,10.547206177379163,amplitude_preserving_surrogate_control,negative_control,iaaft_amplitude_spectrum_surrogate,0.4054409991642042,0.4006466949952108,0.3258776259128088,0.5956650853547376,0.5238095238095238,6.7872084589461394,0.4299330561990216,0.40582424499503056,1.0,0.02321994832823601,0.9262458717821498,124.86704823873775
surrogate_09,6609,10.547206177379163,sliding_window_scramble_control,negative_control,event_window_sliding_scramble,0.5074378712646741,0.6584483986534946,0.3330009956344806,0.5663567828527813,0.47619047619047616,-11.167257545524507,0.5441214764202483,0.31234647786973624,1.0,0.07557305400923957,0.9546365534450116,77.53247300172833
surrogate_09,6609,10.547206177379163,partial_overlap_scramble_control,negative_control,partial_event_overlap_scramble,0.6108741270911163,0.6825748341148565,0.49095304424350966,0.5922271391984442,0.5714285714285714,-79.27901482776662,0.7240177486983019,0.5388619890216371,1.0,0.0,0.960167451164959,122.09431884679093
surrogate_09,6609,10.547206177379163,chirp_reversal_control,negative_control,event_window_chirp_reversal,0.6019102607977378,0.6889804527540266,0.44689214214256767,0.5946747586050545,0.3333333333333333,-79.77560617122899,0.7525532260567118,0.6960291583639278,1.0,0.0,0.96767363221996,122.65071369556073
surrogate_09,6609,10.547206177379163,envelope_locked_phase_control,negative_control,event_envelope_preserved_phase_scramble,0.5210204910365734,0.6734006673048057,0.24311199614588502,0.5573874731336219,0.47619047619047616,-21.515009958052644,0.3806874128384629,0.2793532402125082,1.0,0.0,0.9170543468048452,101.00353685872864
surrogate_09,6609,10.547206177379163,multi_event_timing_randomization_control,negative_control,multi_event_timing_randomization,0.38301920626916025,0.2598788017524483,0.3718902628544475,0.6781234622851614,0.5238095238095238,33.63476446177796,0.3842880974205075,0.24977293478351514,1.0,0.29796458857931346,0.909692759618843,114.12301085362984
surrogate_09,6609,10.547206177379163,micro_chunk_scramble_control,negative_control,event_window_micro_chunk_scramble,0.5095762772648691,0.6277740866331658,0.30407182824295476,0.5810440066361753,0.47619047619047616,9.088735687937685,0.44264673316069775,0.2621998328033114,1.0,0.0,0.9356153334388624,117.53850347045272
surrogate_10,6610,13.87273091312312,strain_proxy_target,target,none,0.8468764940047098,0.9686310456606989,0.6783051729083514,0.8698164259235079,0.6190476190476191,34.02325994015871,0.8126852368508467,0.7975142662188808,1.0,0.73425523267528,0.9744901541153431,130.55039056540195
surrogate_10,6610,13.87273091312312,time_shuffle_control,negative_control,global_time_shuffle,0.42269978214396897,0.38462896982113304,0.2965047492840204,0.6889626331686842,0.47619047619047616,30.519492772516543,0.35824191335597044,0.0,1.0,0.29255071586558495,0.9011407575943361,126.90245562965065
surrogate_10,6610,13.87273091312312,phase_scramble_control,negative_control,fft_phase_scramble,0.29489239381449467,0.22080446444543184,0.23918216721355584,0.5483860212554855,0.38095238095238093,-54.21513216515328,0.403226206480732,0.39858004630291344,1.0,0.019305401771290108,0.9370596023112717,83.13319260990534
surrogate_10,6610,13.87273091312312,amplitude_preserving_surrogate_control,negative_control,iaaft_amplitude_spectrum_surrogate,0.3329819295154821,0.1879571472931943,0.41580739279254225,0.5345714133260495,0.47619047619047616,43.354376344931865,0.46828059918850434,0.12903373955273512,1.0,0.0,0.9425012607043171,76.09734537409491
surrogate_10,6610,13.87273091312312,sliding_window_scramble_control,negative_control,event_window_sliding_scramble,0.44575579008349014,0.5330160274132218,0.3386318391260106,0.5372282502181507,0.42857142857142855,-61.29192674252687,0.5620295619953846,0.4014748399146143,1.0,0.0,0.9595432824973145,74.8631593050736
surrogate_10,6610,13.87273091312312,partial_overlap_scramble_control,negative_control,partial_event_overlap_scramble,0.6446205535811366,0.7158852925855148,0.5386403301296534,0.6038509811936588,0.6190476190476191,-59.34727826413294,0.783628531158953,0.6297438546675919,1.0,0.0,0.9665751824637085,130.779473874262
surrogate_10,6610,13.87273091312312,chirp_reversal_control,negative_control,event_window_chirp_reversal,0.6080763179896937,0.6781142151226582,0.4854030067990499,0.6072945454554849,0.38095238095238093,-58.313894927020726,0.8204546629640259,0.8277085519660028,1.0,0.0,0.9731642844978611,132.3830175682207
surrogate_10,6610,13.87273091312312,envelope_locked_phase_control,negative_control,event_envelope_preserved_phase_scramble,0.5233605010896621,0.6793526586190304,0.2571352757792196,0.5754738989528976,0.47619047619047616,2.0571505867081328,0.42583467554757226,0.1610944502727455,1.0,0.0,0.9190775241378408,116.159835776508
surrogate_10,6610,13.87273091312312,multi_event_timing_randomization_control,negative_control,multi_event_timing_randomization,0.3393667457661177,0.2544309669467538,0.3379035067027869,0.5610709814569825,0.5238095238095238,27.05718950471936,0.380694676377489,0.1808306795485346,1.0,0.0,0.9227620789999926,102.99584881684763
surrogate_10,6610,13.87273091312312,micro_chunk_scramble_control,negative_control,event_window_micro_chunk_scramble,0.6800687019871963,0.7206320515649214,0.5373050434749458,0.7291263467397012,0.42857142857142855,70.04764066847159,0.49210547972404584,0.37267675800328226,1.0,0.4514387171479601,0.9379624895746382,104.62277064233872
surrogate_11,6611,17.402026254882415,strain_proxy_target,target,none,0.9076480559801748,0.9491462974767907,0.8517096610282903,0.9368503684063574,0.6190476190476191,103.14069268803766,0.8201669544919743,0.8659533610864267,1.0,0.926155565025303,0.9747451512686054,128.73226081878536
surrogate_11,6611,17.402026254882415,time_shuffle_control,negative_control,global_time_shuffle,0.3691789409926959,0.27410741845880154,0.25688898003678595,0.7139284518068637,0.3333333333333333,22.058136226427763,0.36649039039284054,0.23960387910150605,1.0,0.4099844510948631,0.9173352967416919,108.64947011210882
surrogate_11,6611,17.402026254882415,phase_scramble_control,negative_control,fft_phase_scramble,0.3046470649392156,0.22765322205909583,0.24696202971663855,0.5672457797190054,0.3333333333333333,-35.69548038373043,0.4465904132205025,0.40819101185403395,1.0,0.0,0.936631625385171,105.44666328954156
surrogate_11,6611,17.402026254882415,amplitude_preserving_surrogate_control,negative_control,iaaft_amplitude_spectrum_surrogate,0.3462701810006602,0.25343780026979656,0.35525232569827586,0.5686134488868393,0.5238095238095238,-5.222624360992143,0.47651789356837765,0.6075771093320921,1.0,0.0,0.9461492950592414,104.65739334031286
surrogate_11,6611,17.402026254882415,sliding_window_scramble_control,negative_control,event_window_sliding_scramble,0.5105315170985791,0.6456959109851083,0.3808721538464956,0.5263261089625609,0.47619047619047616,-17.973238545989403,0.5876036150306935,0.4922380851837119,1.0,0.0,0.9648241603169332,64.38382291892796
surrogate_11,6611,17.402026254882415,partial_overlap_scramble_control,negative_control,partial_event_overlap_scramble,0.6148392169060619,0.7005392438469765,0.45816478306210373,0.6134905672430019,0.38095238095238093,-112.27752047031339,0.7936836046150609,0.6331498109878162,1.0,0.0,0.9696412412095816,138.44657638704922
surrogate_11,6611,17.402026254882415,chirp_reversal_control,negative_control,event_window_chirp_reversal,0.6044669434104083,0.6966140311284044,0.42923348096712,0.6154682663566126,0.19047619047619047,-112.99938366542821,0.8277736955091342,0.8890826871801089,1.0,0.0,0.9760095063464362,138.83348693993068
surrogate_11,6611,17.402026254882415,envelope_locked_phase_control,negative_control,event_envelope_preserved_phase_scramble,0.5591355688333814,0.6996719004085455,0.33363238400703343,0.5883576376913493,0.5238095238095238,4.442148964490542,0.43568378982290307,0.4969806418443802,1.0,0.0,0.9243236676868894,126.16996335670468
surrogate_11,6611,17.402026254882415,multi_event_timing_randomization_control,negative_control,multi_event_timing_randomization,0.3322385888837881,0.3203129431854646,0.2029878537431352,0.6016141928807022,0.47619047619047616,-6.364334851860491,0.37874259269021543,0.0,1.0,0.0,0.9229903066528793,137.86089160567633
surrogate_11,6611,17.402026254882415,micro_chunk_scramble_control,negative_control,event_window_micro_chunk_scramble,0.5383308103810494,0.6683256855734581,0.3342466318007914,0.5792400732743681,0.47619047619047616,19.98663350547494,0.47948302537567,0.07465365050368777,1.0,0.0,0.9416549461167563,114.7369297887985
surrogate_12,6612,15.484335461602319,strain_proxy_target,target,none,0.9148248764098851,0.9700186326174302,0.8340306393629873,0.9426932125632166,0.6190476190476191,91.52300065158028,0.8164689060318389,0.7396746349056911,1.0,0.9065623501478932,0.9762537224968868,139.52572406756644
surrogate_12,6612,15.484335461602319,time_shuffle_control,negative_control,global_time_shuffle,0.2895755330600996,0.22947458730103923,0.2068472095361082,0.5537037426552363,0.42857142857142855,-4.201317849084489,0.36017252094353147,0.21241832191911159,1.0,0.0,0.9112527389267306,99.03043457492913
surrogate_12,6612,15.484335461602319,phase_scramble_control,negative_control,fft_phase_scramble,0.3368064165262418,0.27910029165891187,0.3121886095428291,0.5423728170778223,0.5238095238095238,-6.555880491026443,0.44679215985577764,0.41075826864138576,1.0,0.0,0.9350149108600903,84.36239979481721
surrogate_12,6612,15.484335461602319,amplitude_preserving_surrogate_control,negative_control,iaaft_amplitude_spectrum_surrogate,0.3791318087336549,0.2838074501601632,0.43739387049003886,0.5589386961588757,0.5714285714285714,31.611050801210666,0.4298376368006211,0.4816186215336623,1.0,0.10724657840956667,0.9325250610943484,65.8955919814565
surrogate_12,6612,15.484335461602319,sliding_window_scramble_control,negative_control,event_window_sliding_scramble,0.5414168989443645,0.6702522933261911,0.43249278500197563,0.5346609207896941,0.47619047619047616,15.468173222846474,0.5969163796659621,0.44897840635853337,1.0,0.0,0.9631415108073189,71.90876955761289
surrogate_12,6612,15.484335461602319,partial_overlap_scramble_control,negative_control,partial_event_overlap_scramble,0.6414637955109631,0.7091849414512074,0.5288919509806468,0.613114284147739,0.5714285714285714,-95.26884158488494,0.7909844583774784,0.6757588335352319,1.0,0.0,0.9733639540984697,137.35319416909164
surrogate_12,6612,15.484335461602319,chirp_reversal_control,negative_control,event_window_chirp_reversal,0.6019694124781345,0.6762778762888599,0.45836517708154245,0.6149675097284938,0.3333333333333333,-96.03112890223036,0.8304408030738636,0.7502274553443508,1.0,0.0,0.9771384459672947,138.16896565518437
surrogate_12,6612,15.484335461602319,envelope_locked_phase_control,negative_control,event_envelope_preserved_phase_scramble,0.5449047050886631,0.6941514956009821,0.2939295372646158,0.5492816682987491,0.5238095238095238,-56.97515169731628,0.44321207011504454,0.29367827314135175,1.0,0.0,0.9303387729933653,91.27809017196068
surrogate_12,6612,15.484335461602319,multi_event_timing_randomization_control,negative_control,multi_event_timing_randomization,0.3682143081373194,0.40726880771154556,0.23505062191861356,0.5786413753661052,0.5238095238095238,-16.92350878933152,0.40383960901530697,0.019844260793152824,1.0,0.0,0.9226980592465635,118.13914098763415
surrogate_12,6612,15.484335461602319,micro_chunk_scramble_control,negative_control,event_window_micro_chunk_scramble,0.5871444562165452,0.7001978934322322,0.38432911684876114,0.6447233005257778,0.47619047619047616,35.217194133811205,0.47198993381166815,0.08883316289939724,1.0,0.2725604441553588,0.9395597502729159,87.06453381930027
