time_seconds,strain
0.000000000,2.101779045579e-01
0.000976562,-2.851756072952e+00
0.001953125,-5.819920411899e-01
0.002929688,-1.798419064195e+00
0.003906250,-1.153928554467e+00
0.004882812,-2.219420234796e+00
0.005859375,-9.706967910269e-01
0.006835938,-5.904003132400e-01
0.007812500,-1.766513394849e+00
0.008789062,-1.521400824057e+00
0.009765625,-5.733884081031e-01
0.010742188,-8.957768281647e-03
0.011718750,-1.339316756284e+00
0.012695312,-1.684560981303e+00
0.013671875,3.597306963289e-01
0.014648438,-9.391825046427e-01
0.015625000,1.058976636667e+00
0.016601562,-1.141808350931e+00
0.017578125,7.073122192607e-01
0.018554688,-2.117961273245e+00
0.019531250,-1.919010248799e+00
0.020507812,-4.956844385663e-01
0.021484375,6.378007531976e-01
0.022460938,9.807319828215e-02
0.023437500,-1.438189708237e+00
0.024414062,-9.719601827971e-01
0.025390625,-1.581063907929e-01
0.026367188,6.476149459304e-02
0.027343750,2.075694028021e-01
0.028320312,3.485997918931e-01
0.029296875,4.252945560225e-01
0.030273438,-5.142124800788e-01
0.031250000,-1.683273107693e+00
0.032226562,-1.214718763945e+00
0.033203125,-6.321714362036e-01
0.034179688,1.447897886264e+00
0.035156250,-1.140883855741e+00
0.036132812,3.715128430913e-01
0.037109375,-1.193273754204e+00
0.038085938,-4.176984124442e-01
0.039062500,1.025063850757e+00
0.040039062,-9.817980728218e-01
0.041015625,-6.133503872001e-01
0.041992188,-9.706130884568e-01
0.042968750,-5.480512674571e-01
0.043945312,-5.416080262580e-01
0.044921875,-1.851894681349e+00
0.045898438,-3.803232068460e-01
0.046875000,6.504575887436e-01
0.047851562,-2.156271922990e-01
0.048828125,-1.786375469150e+00
0.049804688,6.931908776359e-03
0.050781250,-1.304002735376e+00
0.051757812,-5.068771606143e-01
0.052734375,-1.566149302909e+00
0.053710938,-3.012985797454e-01
0.054687500,-7.854860137087e-01
0.055664062,-6.785450093170e-01
0.056640625,-3.517398155908e+00
0.057617188,-3.154153787427e-01
0.058593750,-1.740908724694e+00
0.059570312,-9.115865273321e-01
0.060546875,2.061300323204e-01
0.061523438,-3.207342734032e-01
0.062500000,-2.437870196894e-01
0.063476562,1.301560030454e-01
0.064453125,1.058891499398e-02
0.065429688,-1.122987871173e+00
0.066406250,-7.228326316973e-02
0.067382812,-1.531116416634e+00
0.068359375,-1.430553956270e+00
0.069335938,-1.478258390317e+00
0.070312500,-1.968613307870e+00
0.071289062,-1.745680704363e+00
0.072265625,-5.494700127393e-01
0.073242188,-1.256867058449e+00
0.074218750,-2.128737327900e+00
0.075195312,-1.966416130483e+00
0.076171875,-1.049038609644e+00
0.077148438,1.358486528195e-01
0.078125000,-7.884526732905e-02
0.079101562,-1.330764470014e+00
0.080078125,-4.821918251368e-01
0.081054688,-7.030274260458e-01
0.082031250,8.045812395860e-01
0.083007812,-1.313333587756e+00
0.083984375,-1.677283883356e+00
0.084960938,-1.888540575742e+00
0.085937500,-4.788260611771e-01
0.086914062,-3.380512474643e-02
0.087890625,4.460937263527e-01
0.088867188,6.200000913686e-01
0.089843750,-1.407859810985e+00
0.090820312,-6.923431606971e-02
0.091796875,8.263049927112e-01
0.092773438,1.646346430865e+00
0.093750000,-2.437702495126e+00
0.094726562,-1.020925432626e+00
0.095703125,-1.454910605539e+00
0.096679688,2.878094400141e-01
0.097656250,1.000248148790e+00
0.098632812,-9.152628921945e-01
0.099609375,8.249301053652e-01
0.100585938,3.016783409306e-01
0.101562500,-9.259032809719e-01
0.102539062,-7.770835558324e-01
0.103515625,-1.028311254345e-01
0.104492188,-6.228215975254e-01
0.105468750,3.618743141079e-01
0.106445312,-1.063919233534e+00
0.107421875,1.156847238794e-01
0.108398438,-1.060726437466e+00
0.109375000,-7.993233986766e-01
0.110351562,-5.608924243168e-01
0.111328125,-9.294213474747e-01
0.112304688,6.088515304742e-01
0.113281250,-3.430742963341e-01
0.114257812,1.816636000282e+00
0.115234375,-1.511067874336e+00
0.116210938,-1.567054702725e-01
0.117187500,-2.344654972358e+00
0.118164062,9.590387189578e-01
0.119140625,-1.454128596774e-01
0.120117188,-3.244979235985e-01
0.121093750,1.228104776127e-01
0.122070312,-1.321482666338e-01
0.123046875,-4.429685906907e-01
0.124023438,-7.598073199557e-01
0.125000000,-3.155094434645e-01
0.125976562,-5.363682787309e-01
0.126953125,4.118024351226e-01
0.127929688,3.678585933487e-01
0.128906250,-4.203910716519e-01
0.129882812,-3.059810722730e+00
0.130859375,1.273180395855e+00
0.131835938,-2.032472366505e-01
0.132812500,-9.086840243999e-01
0.133789062,1.145116580418e+00
0.134765625,-1.537279590372e+00
0.135742188,-1.061468723889e+00
0.136718750,-1.065091961205e+00
0.137695312,-2.576890486119e+00
0.138671875,-1.232796778549e+00
0.139648438,-1.316762800209e-01
0.140625000,-1.002891566284e+00
0.141601562,-1.319119457429e+00
0.142578125,-1.197339381861e-01
0.143554688,-9.850529739096e-02
0.144531250,-2.276941533394e+00
0.145507812,-8.476172599266e-01
0.146484375,1.098739220110e+00
0.147460938,1.336716573708e-01
0.148437500,2.913823747112e-01
0.149414062,-1.461826465424e+00
0.150390625,1.522166164766e+00
0.151367188,-4.487905580300e-01
0.152343750,-9.238514894813e-01
0.153320312,1.295374603894e-01
0.154296875,-6.969567741141e-01
0.155273438,4.467055997047e-01
0.156250000,-1.275799043514e+00
0.157226562,1.542970901370e+00
0.158203125,-5.489214673963e-01
0.159179688,6.768296454842e-01
0.160156250,1.830560628450e+00
0.161132812,1.191044474874e+00
0.162109375,1.163304477268e+00
0.163085938,-1.724971988872e+00
0.164062500,-5.263453598936e-01
0.165039062,5.171472829586e-01
0.166015625,2.823776992353e+00
0.166992188,-2.051725762892e-01
0.167968750,-1.774460679043e+00
0.168945312,7.231401505944e-02
0.169921875,-1.531578090515e+00
0.170898438,-8.747791334980e-01
0.171875000,-8.279892818333e-01
0.172851562,-2.401310809343e-01
0.173828125,-2.770179238492e-01
0.174804688,-3.140875536962e-01
0.175781250,1.116219730629e+00
0.176757812,6.476989925940e-02
0.177734375,4.931701309924e-01
0.178710938,-1.531508464279e+00
0.179687500,-3.860499161708e-01
0.180664062,1.429817347945e+00
0.181640625,1.296413167114e-01
0.182617188,-8.452217971887e-01
0.183593750,1.283089268725e+00
0.184570312,-2.932660604244e-01
0.185546875,-2.167360163937e-01
0.186523438,1.627351917582e+00
0.187500000,-5.260369121279e-01
0.188476562,-1.210197028652e-03
0.189453125,1.144298102365e+00
0.190429688,-1.028349624278e+00
0.191406250,-5.947760116449e-01
0.192382812,-2.655940519129e-01
0.193359375,4.947438520937e-01
0.194335938,-1.243338520196e+00
0.195312500,-9.071729992247e-01
0.196289062,-2.109772184925e+00
0.197265625,-2.623328752796e+00
0.198242188,1.685131404814e-01
0.199218750,-6.046668856976e-01
0.200195312,-9.526836233229e-01
0.201171875,1.163100241719e+00
0.202148438,-2.283854582525e+00
0.203125000,-1.153838230007e-01
0.204101562,-2.597890823519e-01
0.205078125,-3.897875960919e-01
0.206054688,-4.611886724100e-01
0.207031250,1.623800389547e+00
0.208007812,-8.296808490965e-01
0.208984375,-1.175404530362e+00
0.209960938,6.284165382203e-01
0.210937500,2.611009825802e-01
0.211914062,3.557070970512e-01
0.212890625,7.303371934322e-01
0.213867188,-3.333798652795e-01
0.214843750,8.663675162496e-01
0.215820312,-1.639098516072e+00
0.216796875,-6.938843703052e-01
0.217773438,1.064537794172e+00
0.218750000,5.394259071501e-01
0.219726562,-5.172487124668e-01
0.220703125,-8.052187628398e-02
0.221679688,1.478867406971e-01
0.222656250,4.782198279613e-01
0.223632812,-1.654512353976e+00
0.224609375,-4.749548581726e-01
0.225585938,-5.456857707927e-01
0.226562500,-1.373937491673e-01
0.227539062,-1.246948524532e+00
0.228515625,-1.214138168267e+00
0.229492188,-2.155749426307e+00
0.230468750,-4.059566127409e-01
0.231445312,2.513822024201e-02
0.232421875,-8.023700053197e-01
0.233398438,2.911412326550e-01
0.234375000,6.325244065113e-01
0.235351562,-1.243974708563e+00
0.236328125,3.848810929202e-01
0.237304688,6.985335368819e-02
0.238281250,1.577270291994e+00
0.239257812,-8.615416181496e-01
0.240234375,9.196056788132e-01
0.241210938,1.955264946928e-01
0.242187500,-4.877698704378e-01
0.243164062,-4.240386086847e-03
0.244140625,-6.715802179284e-01
0.245117188,-7.166291412449e-01
0.246093750,-2.618275968443e-01
0.247070312,-6.782035477971e-02
0.248046875,2.671883965012e-02
0.249023438,-3.829867437042e-01
0.250000000,1.082353361598e+00
0.250976562,-1.342822079904e+00
0.251953125,-5.254397720784e-01
0.252929688,5.560957284121e-01
0.253906250,5.574436706614e-01
0.254882812,-1.795326883512e+00
0.255859375,1.775382033076e-01
0.256835938,-1.978913862145e-01
0.257812500,6.545152196427e-01
0.258789062,3.541824940709e-01
0.259765625,1.635431559497e+00
0.260742188,5.066204418019e-01
0.261718750,-3.164766154010e-01
0.262695312,-2.483604230171e-01
0.263671875,1.495320407412e-02
0.264648438,-1.099434109593e+00
0.265625000,-1.515459222032e+00
0.266601562,-7.978360880595e-01
0.267578125,9.497843961941e-01
0.268554688,-2.644802161506e-02
0.269531250,1.657795528026e+00
0.270507812,-1.895679684763e+00
0.271484375,8.212819583196e-03
0.272460938,3.043252291102e-01
0.273437500,1.268500742672e-01
0.274414062,1.079025443998e+00
0.275390625,1.340945746321e+00
0.276367188,-5.170630964966e-01
0.277343750,3.660200306122e-02
0.278320312,-2.399779246168e-01
0.279296875,8.339137211922e-01
0.280273438,-3.036776170553e+00
0.281250000,-6.983225689156e-01
0.282226562,-9.688578991450e-01
0.283203125,8.763100142495e-02
0.284179688,-4.934162088343e-02
0.285156250,4.262593845320e-01
0.286132812,-1.751382358516e-02
0.287109375,7.730702434061e-01
0.288085938,2.474757721260e+00
0.289062500,6.801785330840e-01
0.290039062,-8.248777216828e-02
0.291015625,3.912952379160e-01
0.291992188,1.526127128276e+00
0.292968750,-3.349762294456e-01
0.293945312,5.359682590051e-02
0.294921875,-1.251424117892e+00
0.295898438,3.882800374270e-01
0.296875000,-4.511957155122e-01
0.297851562,9.691044625155e-02
0.298828125,-9.950767926194e-01
0.299804688,-9.489373529766e-01
0.300781250,3.995515074409e-01
0.301757812,6.723756375857e-01
0.302734375,-9.840808289858e-01
0.303710938,3.899013273630e-01
0.304687500,-6.110669832165e-01
0.305664062,1.162063844625e-01
0.306640625,-2.181015729832e-01
0.307617188,1.476807864523e+00
0.308593750,-6.462863788658e-01
0.309570312,-2.084202519357e-01
0.310546875,-6.139545975119e-01
0.311523438,1.207321934664e+00
0.312500000,3.919008078772e-01
0.313476562,1.867508662581e-01
0.314453125,2.774426587554e-01
0.315429688,-8.463691931396e-01
0.316406250,3.014377340609e-01
0.317382812,1.742276816168e+00
0.318359375,5.885926023766e-01
0.319335938,-2.903130904041e-01
0.320312500,-1.980495854332e-01
0.321289062,-1.049959247752e+00
0.322265625,7.037981891045e-01
0.323242188,2.393268632634e-01
0.324218750,-1.837132327951e+00
0.325195312,1.185770657680e+00
0.326171875,3.125890827246e-01
0.327148438,-3.173052707864e-01
0.328125000,5.853653379481e-01
0.329101562,-1.374193843208e+00
0.330078125,-1.349148480396e+00
0.331054688,1.525056565811e+00
0.332031250,1.342168313524e+00
0.333007812,1.042137253008e+00
0.333984375,-1.009079409748e+00
0.334960938,-3.802327819378e-01
0.335937500,-5.589430701764e-02
0.336914062,-7.384966681243e-01
0.337890625,-1.330779680671e-02
0.338867188,-7.017167514096e-01
0.339843750,-8.304892047861e-01
0.340820312,-9.693146788001e-01
0.341796875,-5.670879314570e-01
0.342773438,-2.401389693449e+00
0.343750000,-9.403675691257e-01
0.344726562,-5.806076185878e-01
0.345703125,-1.168705070374e-01
0.346679688,-2.505616485649e-01
0.347656250,2.362358952776e+00
0.348632812,1.365655633566e-02
0.349609375,-2.365631785871e-01
0.350585938,-1.578669010499e-01
0.351562500,-5.156162859154e-01
0.352539062,-1.285866581015e+00
0.353515625,-4.985398065646e-01
0.354492188,7.371695135864e-01
0.355468750,-2.151917351687e+00
0.356445312,-1.172208687645e+00
0.357421875,1.131462177095e+00
0.358398438,4.244319819842e-01
0.359375000,-4.838937077756e-01
0.360351562,2.459295850862e-01
0.361328125,7.816478954169e-02
0.362304688,3.953785774428e-02
0.363281250,4.404531512100e-01
0.364257812,-1.125252748031e+00
0.365234375,-1.439712387005e+00
0.366210938,2.050108744934e-01
0.367187500,-1.197354472622e-01
0.368164062,8.937538304049e-01
0.369140625,9.507567395256e-01
0.370117188,1.041482990899e-01
0.371093750,-4.205320650201e-01
0.372070312,-7.058729606218e-01
0.373046875,1.002176060253e+00
0.374023438,1.155696623879e+00
0.375000000,-2.213653056296e-01
0.375976562,4.642723712338e-01
0.376953125,-6.340341336364e-01
0.377929688,-4.666325813853e-01
0.378906250,-1.318081891241e+00
0.379882812,8.589322366591e-01
0.380859375,6.114810522250e-02
0.381835938,6.892634793775e-01
0.382812500,4.761074999907e-01
0.383789062,-9.079869589358e-01
0.384765625,-2.675053032162e-01
0.385742188,1.801889816030e+00
0.386718750,5.320533973743e-01
0.387695312,-1.225212406053e+00
0.388671875,1.344548044306e+00
0.389648438,3.304961946242e+00
0.390625000,7.516215757456e-01
0.391601562,-5.354456679120e-01
0.392578125,-1.621943609759e+00
0.393554688,2.607402112016e-01
0.394531250,-2.491489039486e+00
0.395507812,-2.886123715352e-01
0.396484375,3.302645405745e-01
0.397460938,-4.433085412636e-01
0.398437500,-6.950714961410e-01
0.399414062,5.597947077767e-01
0.400390625,-5.259694695501e-01
0.401367188,-8.497657851145e-01
0.402343750,-1.060138041862e+00
0.403320312,-5.159138914741e-01
0.404296875,-1.208315505841e+00
0.405273438,9.789232454447e-01
0.406250000,-1.485351867867e-01
0.407226562,2.968843414019e-01
0.408203125,-1.087000456360e+00
0.409179688,-1.135732584175e+00
0.410156250,-2.204873441980e+00
0.411132812,-1.425332018630e-01
0.412109375,-6.088366960114e-01
0.413085938,-4.399130462356e-02
0.414062500,-3.774159364388e-02
0.415039062,1.049130644593e+00
0.416015625,-3.012175676997e-01
0.416992188,9.817558899083e-01
0.417968750,-8.843644693818e-02
0.418945312,6.255099395966e-01
0.419921875,4.549205568748e-01
0.420898438,-1.108356407164e+00
0.421875000,-1.320004619101e+00
0.422851562,-1.996422816125e-01
0.423828125,2.537846925588e-01
0.424804688,-2.214520285236e-01
0.425781250,-1.478537606531e+00
0.426757812,-1.518727163086e+00
0.427734375,1.421944733079e+00
0.428710938,-1.905187535056e+00
0.429687500,-1.791646964826e+00
0.430664062,1.413882928963e-01
0.431640625,-1.001631358313e+00
0.432617188,1.370423722181e+00
0.433593750,-2.770786706888e-01
0.434570312,-3.058904188838e-01
0.435546875,-2.282990492582e-01
0.436523438,3.014001428974e-01
0.437500000,-7.558367794750e-01
0.438476562,-1.878320474292e+00
0.439453125,-1.008080409290e+00
0.440429688,-1.310660905382e+00
0.441406250,1.241053491213e-03
0.442382812,-4.577272601293e-01
0.443359375,5.702730793255e-02
0.444335938,5.487988671143e-01
0.445312500,1.563245453409e+00
0.446289062,-9.580683207062e-01
0.447265625,1.478882785706e+00
0.448242188,-5.859969436264e-02
0.449218750,9.722068808062e-01
0.450195312,-5.713374025832e-01
0.451171875,2.006492712206e-01
0.452148438,-5.836401385449e-02
0.453125000,6.010215845469e-01
0.454101562,-4.036869925162e-01
0.455078125,-1.410232835064e-01
0.456054688,-5.940030070600e-02
0.457031250,1.775884256240e-01
0.458007812,6.923453086847e-02
0.458984375,-3.145605999156e-01
0.459960938,-4.528201265776e-01
0.460937500,6.847808742892e-01
0.461914062,-8.578635153007e-01
0.462890625,8.435781253043e-03
0.463867188,-4.173972914363e-01
0.464843750,9.620990013481e-01
0.465820312,7.960066997766e-01
0.466796875,-2.951277213250e-01
0.467773438,1.266548908587e+00
0.468750000,-4.128049982063e-01
0.469726562,1.626642820130e+00
0.470703125,3.795875974215e-01
0.471679688,1.836910596558e-02
0.472656250,8.169552112644e-01
0.473632812,-6.958431719459e-01
0.474609375,5.150592396825e-01
0.475585938,-3.663841186155e-01
0.476562500,1.848132740118e-01
0.477539062,1.192177714914e+00
0.478515625,-8.798847198466e-01
0.479492188,1.829092996423e+00
0.480468750,-4.724679325730e-03
0.481445312,-8.969378518296e-01
0.482421875,-1.764748441954e+00
0.483398438,-1.168299667351e+00
0.484375000,1.481038514234e+00
0.485351562,-1.423647593147e+00
0.486328125,-6.188051037422e-01
0.487304688,-3.284946408437e-01
0.488281250,-2.613944474271e+00
0.489257812,6.825522458456e-01
0.490234375,-1.190150829570e-01
0.491210938,-2.027785127781e+00
0.492187500,-1.117035600246e+00
0.493164062,1.946063151870e-01
0.494140625,6.543800801378e-01
0.495117188,-8.634363412923e-01
0.496093750,1.238882336421e-02
0.497070312,-9.247275651970e-02
0.498046875,1.485968685767e+00
0.499023438,1.074237161042e+00
0.500000000,-3.790137553945e-01
0.500976562,2.233407833300e-01
0.501953125,-5.058229904315e-01
0.502929688,9.214811169455e-01
0.503906250,1.450102469069e-01
0.504882812,-6.274169002375e-01
0.505859375,-1.525967582946e-01
0.506835938,-6.560007499841e-01
0.507812500,1.203448586825e+00
0.508789062,-1.653000352991e+00
0.509765625,2.383992746910e+00
0.510742188,1.311416043549e+00
0.511718750,7.523595284009e-01
0.512695312,5.705279904577e-01
0.513671875,-2.686762750670e-02
0.514648438,-3.257372601330e-01
0.515625000,-2.981267307583e-01
0.516601562,1.493915784295e+00
0.517578125,2.851300982486e+00
0.518554688,5.270167180798e-01
0.519531250,2.819382525125e-01
0.520507812,8.351348908308e-01
0.521484375,3.540012370096e-01
0.522460938,3.923367064304e-01
0.523437500,1.012323451206e+00
0.524414062,2.016214392705e+00
0.525390625,-1.140964058010e+00
0.526367188,4.185790795042e-01
0.527343750,-1.768983036020e+00
0.528320312,-1.108090230227e+00
0.529296875,7.238649923359e-01
0.530273438,-3.912331900254e-01
0.531250000,1.792657404963e+00
0.532226562,6.562467064017e-01
0.533203125,-7.141565475341e-01
0.534179688,-3.998873524396e-01
0.535156250,1.254975143450e+00
0.536132812,-1.194000561636e+00
0.537109375,1.006172314402e+00
0.538085938,2.876077032698e-01
0.539062500,1.188751969205e+00
0.540039062,-1.459136081210e-01
0.541015625,4.568956606809e-01
0.541992188,-8.981803486475e-02
0.542968750,6.132189088244e-01
0.543945312,-5.654808297033e-02
0.544921875,-8.198474614100e-02
0.545898438,-1.177292028269e+00
0.546875000,1.045372628314e+00
0.547851562,-1.317048016402e+00
0.548828125,1.560809382317e+00
0.549804688,3.340525352982e-01
0.550781250,-4.818736119706e-02
0.551757812,-8.487526730144e-02
0.552734375,-1.660428036541e-01
0.553710938,1.909545804783e+00
0.554687500,2.408206980392e+00
0.555664062,1.133892391113e+00
0.556640625,5.674998165394e-01
0.557617188,2.072804645896e+00
0.558593750,-5.550800592819e-01
0.559570312,3.192579539997e-01
0.560546875,1.143172323114e+00
0.561523438,6.849779251189e-01
0.562500000,1.084184726565e+00
0.563476562,2.566214431877e-01
0.564453125,-7.727205274002e-01
0.565429688,-2.060916606682e+00
0.566406250,6.828678849659e-01
0.567382812,-6.828682853533e-01
0.568359375,1.133174745299e-01
0.569335938,-4.828979903062e-01
0.570312500,6.785502696959e-01
0.571289062,1.104959279327e+00
0.572265625,-4.812904031210e-01
0.573242188,-5.761024268188e-01
0.574218750,5.433511812228e-01
0.575195312,-5.447185704388e-01
0.576171875,3.525315233999e-02
0.577148438,6.301607752674e-01
0.578125000,1.177594355883e+00
0.579101562,-8.636877194668e-01
0.580078125,-4.791643043523e-01
0.581054688,4.056192196123e-01
0.582031250,3.181705221035e+00
0.583007812,-7.496085332141e-01
0.583984375,-1.339023649131e-02
0.584960938,-3.111580053400e+00
0.585937500,-1.647151102125e+00
0.586914062,-3.837351309135e-01
0.587890625,-1.419649345433e+00
0.588867188,-1.218184775554e+00
0.589843750,4.167153273570e-01
0.590820312,6.937924420064e-01
0.591796875,-8.952490517017e-01
0.592773438,4.954216723373e-01
0.593750000,-3.298984334134e-01
0.594726562,-2.791781192381e-01
0.595703125,-5.590457485700e-01
0.596679688,-1.021567072255e+00
0.597656250,-6.103737249773e-01
0.598632812,2.060694461347e-01
0.599609375,8.025383672747e-01
0.600585938,4.737540134882e-01
0.601562500,1.634593452175e+00
0.602539062,3.816102970814e-02
0.603515625,8.934415500993e-01
0.604492188,-4.048636699037e-04
0.605468750,-2.753844698729e-01
0.606445312,5.611323413693e-01
0.607421875,9.305739019071e-01
0.608398438,8.568834584114e-01
0.609375000,2.347801309035e-01
0.610351562,-1.205413094922e+00
0.611328125,-3.833044235616e-01
0.612304688,-1.045326095269e+00
0.613281250,-7.699038777479e-01
0.614257812,-3.043947260021e-01
0.615234375,8.460786351339e-01
0.616210938,-1.064165277984e+00
0.617187500,7.341570601393e-01
0.618164062,5.156143928930e-01
0.619140625,7.419771876740e-01
0.620117188,-1.452459475579e+00
0.621093750,1.016807103683e+00
0.622070312,-1.319590941019e-01
0.623046875,6.962715107186e-01
0.624023438,-3.034515375410e-01
0.625000000,1.428624751517e+00
0.625976562,-1.315076721726e-01
0.626953125,-5.807684530063e-01
0.627929688,7.748765641736e-01
0.628906250,7.914778674829e-01
0.629882812,-1.136790977453e+00
0.630859375,6.438630727548e-01
0.631835938,-5.998666626585e-01
0.632812500,1.447161405227e+00
0.633789062,-3.013903319536e-01
0.634765625,-8.407989256803e-01
0.635742188,3.010394876575e-01
0.636718750,-1.180287651018e-01
0.637695312,-1.442198315935e+00
0.638671875,-1.579752231518e+00
0.639648438,-3.400638613713e-01
0.640625000,1.252226178784e-02
0.641601562,-1.401641056358e-01
0.642578125,-5.221304943214e-01
0.643554688,1.379879474439e+00
0.644531250,1.236809744655e+00
0.645507812,-1.927640985566e-02
0.646484375,2.021913396513e-01
0.647460938,-4.371347015224e-01
0.648437500,-9.303290567795e-01
0.649414062,4.975125770019e-02
0.650390625,-1.463138045391e+00
0.651367188,1.882539989756e-01
0.652343750,1.269429853088e+00
0.653320312,-9.370824001426e-01
0.654296875,1.444923174284e+00
0.655273438,1.108052202569e-01
0.656250000,1.642055549747e-01
0.657226562,1.320058046315e+00
0.658203125,1.713566625388e+00
0.659179688,-1.219037197966e+00
0.660156250,-4.244877839627e-01
0.661132812,-1.464630969650e-02
0.662109375,-6.430023789869e-01
0.663085938,1.546886748145e+00
0.664062500,1.099356581782e+00
0.665039062,2.842765005319e-02
0.666015625,4.591915859529e-02
0.666992188,-4.415129069072e-01
0.667968750,1.553881526307e+00
0.668945312,-1.226745351464e+00
0.669921875,-1.264750269482e+00
0.670898438,2.697131221669e+00
0.671875000,9.783059428089e-01
0.672851562,1.686732424845e-01
0.673828125,-1.887694177543e+00
0.674804688,2.214632249661e+00
0.675781250,-1.039481097181e+00
0.676757812,-1.260414177936e+00
0.677734375,6.682336390372e-02
0.678710938,7.446124820950e-01
0.679687500,1.440331439572e+00
0.680664062,1.363275406538e+00
0.681640625,-1.551272796922e+00
0.682617188,-7.236466542880e-01
0.683593750,-6.253251680833e-01
0.684570312,1.465057502696e-01
0.685546875,6.178297797028e-01
0.686523438,7.094665562212e-01
0.687500000,-7.909542785376e-02
0.688476562,-1.601006218316e-01
0.689453125,5.939510736265e-01
0.690429688,-8.465571252034e-01
0.691406250,1.102620779671e+00
0.692382812,-2.673234519044e-01
0.693359375,-2.500178712787e-01
0.694335938,-5.084788177088e-01
0.695312500,-3.318706733236e-01
0.696289062,1.270741596061e+00
0.697265625,-1.002564897831e-01
0.698242188,-1.050433677838e+00
0.699218750,-1.021978314735e+00
0.700195312,-7.614385930455e-01
0.701171875,1.075393182339e+00
0.702148438,-9.739028568423e-01
0.703125000,-1.954079038540e-01
0.704101562,2.944619692445e-01
0.705078125,-4.133408787032e-01
0.706054688,-6.745086235231e-01
0.707031250,-1.510389717269e+00
0.708007812,-1.324516130195e+00
0.708984375,2.682883463880e+00
0.709960938,-1.132381754198e+00
0.710937500,3.172728145381e-01
0.711914062,2.614658129571e-01
0.712890625,2.821111724860e-02
0.713867188,1.614571404554e-01
0.714843750,1.115765937409e+00
0.715820312,1.127730063244e+00
0.716796875,4.501113326364e-01
0.717773438,1.032779170851e+00
0.718750000,-7.519167463823e-01
0.719726562,4.790733601939e-02
0.720703125,-7.536443334539e-01
0.721679688,-5.737351151608e-02
0.722656250,9.342200300265e-02
0.723632812,-6.740014052635e-01
0.724609375,-1.178400304872e+00
0.725585938,2.157885095473e+00
0.726562500,-1.681049619331e-01
0.727539062,1.572360008082e+00
0.728515625,-2.420561802053e-01
0.729492188,-6.197629599551e-01
0.730468750,9.133999136883e-01
0.731445312,1.152431903874e+00
0.732421875,1.316929465326e+00
0.733398438,6.899214989776e-01
0.734375000,-2.253961491570e+00
0.735351562,-2.273106892148e-01
0.736328125,-1.584223842952e+00
0.737304688,-2.837415436831e-01
0.738281250,-1.070872570174e+00
0.739257812,6.570575476271e-01
0.740234375,-2.143095551827e-01
0.741210938,8.139131867481e-01
0.742187500,5.506277831672e-01
0.743164062,-3.519945105495e-01
0.744140625,4.153462552013e-01
0.745117188,1.222984639792e+00
0.746093750,-4.943966977654e-01
0.747070312,-1.544569010997e+00
0.748046875,2.498006738964e-01
0.749023438,8.518822635015e-01
0.750000000,-1.212989588904e+00
0.750976562,-8.194635939019e-01
0.751953125,-2.725222594071e-01
0.752929688,-6.769612161893e-01
0.753906250,-8.128056811520e-01
0.754882812,-9.179409453908e-01
0.755859375,1.015686752045e+00
0.756835938,-5.033022175415e-01
0.757812500,1.380437272312e+00
0.758789062,7.701148931540e-01
0.759765625,-1.383466798833e+00
0.760742188,4.299947730148e-01
0.761718750,6.929289133131e-01
0.762695312,-5.401413501438e-01
0.763671875,4.418314759086e-02
0.764648438,-1.080521148766e-01
0.765625000,-4.183546912545e-01
0.766601562,-1.762359092258e-01
0.767578125,-8.057296160314e-02
0.768554688,1.069052045554e-01
0.769531250,9.013507826917e-01
0.770507812,8.398917992408e-01
0.771484375,2.907721519312e-01
0.772460938,1.661435019605e+00
0.773437500,-6.938183903544e-01
0.774414062,-8.722949791216e-01
0.775390625,2.148079547841e-01
0.776367188,3.255183756622e-01
0.777343750,-8.302155259130e-02
0.778320312,6.365822547647e-01
0.779296875,7.756950786500e-01
0.780273438,-1.363373765923e+00
0.781250000,5.540667752026e-01
0.782226562,-6.971325119720e-01
0.783203125,-5.489105590379e-01
0.784179688,-1.246718856701e+00
0.785156250,-3.920589728741e-01
0.786132812,1.721942779880e+00
0.787109375,7.310942384443e-01
0.788085938,6.632634926958e-01
0.789062500,7.179752781236e-01
0.790039062,1.479067701160e-01
0.791015625,6.190181409575e-01
0.791992188,7.630898449213e-01
0.792968750,2.555032811721e-01
0.793945312,-2.330570140719e+00
0.794921875,8.033316392768e-01
0.795898438,-5.742897175602e-01
0.796875000,9.738942792352e-01
0.797851562,1.076620394070e+00
0.798828125,5.640267666428e-01
0.799804688,7.810490893838e-01
0.800781250,-1.304630289595e+00
0.801757812,-1.613302555703e-01
0.802734375,-9.201380280049e-01
0.803710938,-4.710980136421e-01
0.804687500,2.350275032626e-01
0.805664062,-8.945672727218e-01
0.806640625,-6.792160736691e-02
0.807617188,-4.096180659039e-01
0.808593750,-1.377302551255e-01
0.809570312,1.796599031781e+00
0.810546875,-7.717385407564e-01
0.811523438,2.534293463912e-01
0.812500000,-2.913498773176e-01
0.813476562,1.132464704883e+00
0.814453125,1.635062328564e+00
0.815429688,-1.332656783515e-01
0.816406250,1.067837929594e+00
0.817382812,-6.528999699230e-01
0.818359375,-1.009533788349e+00
0.819335938,-1.446521091726e+00
0.820312500,1.891249944920e+00
0.821289062,-1.710785364147e+00
0.822265625,-5.684162356975e-02
0.823242188,1.120972533398e+00
0.824218750,-1.666143156656e+00
0.825195312,1.709044431171e+00
0.826171875,2.477235219304e-01
0.827148438,8.782181877641e-01
0.828125000,1.432001801821e+00
0.829101562,4.643611671099e-01
0.830078125,3.878239214254e-01
0.831054688,-6.747215921111e-01
0.832031250,1.116726856868e+00
0.833007812,9.307236464690e-01
0.833984375,-1.081139773105e+00
0.834960938,6.808109545294e-01
0.835937500,-2.304663301349e+00
0.836914062,9.977629609945e-02
0.837890625,-8.577514003688e-01
0.838867188,-4.755472536398e-01
0.839843750,-2.179029019549e+00
0.840820312,-3.164622580728e-01
0.841796875,1.559176746271e+00
0.842773438,9.406812255177e-01
0.843750000,9.958005188947e-02
0.844726562,-2.600625682587e-01
0.845703125,4.883535395974e-01
0.846679688,-8.105312154612e-01
0.847656250,1.037057950244e+00
0.848632812,-4.902615195456e-02
0.849609375,-6.676325068076e-01
0.850585938,2.876541700612e-01
0.851562500,9.724357369471e-01
0.852539062,8.100815383661e-01
0.853515625,6.554041591341e-01
0.854492188,-1.156482498991e+00
0.855468750,1.464924807557e-01
0.856445312,-1.481328399253e+00
0.857421875,9.606522878407e-01
0.858398438,-6.605938682405e-01
0.859375000,1.413727244842e+00
0.860351562,-1.714011180943e+00
0.861328125,-2.205948416390e-02
0.862304688,-2.573409321437e+00
0.863281250,-9.431899413289e-01
0.864257812,2.998244597336e-01
0.865234375,3.111669737269e-01
0.866210938,1.910985816468e+00
0.867187500,-5.689846371983e-02
0.868164062,-1.682887452446e+00
0.869140625,6.132582110273e-01
0.870117188,-2.773763846972e-01
0.871093750,-1.072905077211e-01
0.872070312,-1.850949637442e-01
0.873046875,8.751728447272e-01
0.874023438,9.127105361630e-01
0.875000000,-1.295731017496e+00
0.875976562,-1.125708349442e+00
0.876953125,-3.251176599043e-01
0.877929688,-5.662370835754e-01
0.878906250,1.120011504764e-01
0.879882812,-5.782491959508e-01
0.880859375,-2.995112841655e-01
0.881835938,1.272190541055e+00
0.882812500,-4.883362225183e-02
0.883789062,1.094008959148e-01
0.884765625,1.330954234872e+00
0.885742188,-1.850342304903e-01
0.886718750,-8.480977699159e-01
0.887695312,-1.162348858755e+00
0.888671875,-8.551091289988e-02
0.889648438,-1.893891612268e+00
0.890625000,5.036570482948e-01
0.891601562,8.681394313060e-01
0.892578125,-7.774761318541e-01
0.893554688,-1.444534741103e+00
0.894531250,-3.797001420191e-01
0.895507812,1.130974199231e+00
0.896484375,-2.282902695457e-03
0.897460938,4.515068816977e-01
0.898437500,7.221072306360e-01
0.899414062,-9.280940673204e-02
0.900390625,-1.273274107913e-01
0.901367188,8.946344093508e-01
0.902343750,-2.800912126109e-01
0.903320312,4.756067804552e-01
0.904296875,2.992565743001e-01
0.905273438,3.880069512372e-01
0.906250000,8.120711573859e-01
0.907226562,-1.232392139728e+00
0.908203125,-9.308695197103e-01
0.909179688,-3.026887242567e-01
0.910156250,-3.200684335831e-01
0.911132812,-9.375286794192e-01
0.912109375,-6.246193610400e-01
0.913085938,-5.066257271134e-01
0.914062500,-3.899155778159e-01
0.915039062,-1.167227879713e+00
0.916015625,-1.648053276853e+00
0.916992188,-1.116835125086e+00
0.917968750,-3.872640538792e-01
0.918945312,7.852844279290e-02
0.919921875,1.606076846477e-01
0.920898438,-4.216035122564e-01
0.921875000,2.061465956590e+00
0.922851562,5.544976785419e-01
0.923828125,-1.501279668827e-01
0.924804688,-1.378420144955e-01
0.925781250,-1.273699658359e+00
0.926757812,1.914015860151e-01
0.927734375,-2.196956029526e+00
0.928710938,-8.170100465105e-01
0.929687500,-9.127878611297e-03
0.930664062,-2.102898487744e-01
0.931640625,2.352136793927e-01
0.932617188,5.119331038783e-01
0.933593750,-2.050345751137e-01
0.934570312,-2.921557244120e-01
0.935546875,2.438047038351e+00
0.936523438,-6.710669050116e-01
0.937500000,2.517505239516e+00
0.938476562,-4.350921378962e-01
0.939453125,1.866313053567e-01
0.940429688,-1.220860207945e+00
0.941406250,-1.234649250838e+00
0.942382812,-1.722247886716e+00
0.943359375,2.201397721614e-01
0.944335938,1.052482405689e-01
0.945312500,7.404601316562e-01
0.946289062,6.036115051217e-01
0.947265625,8.821092330810e-01
0.948242188,1.171876653596e+00
0.949218750,4.284503088897e-01
0.950195312,1.250248786407e+00
0.951171875,-1.525116858230e+00
0.952148438,-6.724586838922e-02
0.953125000,-8.278707457427e-01
0.954101562,-1.394419440593e+00
0.955078125,1.821494967254e+00
0.956054688,-1.140256911545e-01
0.957031250,-4.715139431360e-01
0.958007812,1.071389168709e-01
0.958984375,3.599904724146e-01
0.959960938,1.599655766962e+00
0.960937500,2.507414969775e+00
0.961914062,9.866045569576e-01
0.962890625,3.345536134766e-01
0.963867188,8.662511792978e-01
0.964843750,-5.650396641491e-01
0.965820312,-1.788439858448e+00
0.966796875,7.519916832666e-01
0.967773438,-2.349741220535e+00
0.968750000,-1.307858075102e+00
0.969726562,1.201933976550e+00
0.970703125,-3.413690060155e-01
0.971679688,3.646440065017e-01
0.972656250,2.301337774652e+00
0.973632812,3.989704933451e-02
0.974609375,4.954592733827e-01
0.975585938,-1.416001747197e+00
0.976562500,-9.509436310767e-01
0.977539062,-2.331378868346e+00
0.978515625,-1.975696753744e+00
0.979492188,-8.697459464367e-01
0.980468750,-3.044386409648e-01
0.981445312,-1.193327920402e+00
0.982421875,-7.197405042114e-01
0.983398438,1.614925128762e+00
0.984375000,1.485795862533e+00
0.985351562,-8.189754598592e-01
0.986328125,-1.869177208893e-01
0.987304688,-1.351742721378e+00
0.988281250,-9.714890565058e-01
0.989257812,-3.720047823172e-01
0.990234375,-5.980780505842e-02
0.991210938,-3.053067222782e-01
0.992187500,8.767839700331e-01
0.993164062,1.129943740908e+00
0.994140625,3.568346688765e-01
0.995117188,1.477937353771e+00
0.996093750,-3.376630449123e+00
0.997070312,-1.694626528887e+00
0.998046875,-1.863226797187e+00
0.999023438,4.667717472264e-01
1.000000000,2.678868350147e-01
1.000976562,2.715936909613e+00
1.001953125,2.258593296371e+00
1.002929688,-2.295580828145e-01
1.003906250,1.509926973478e-01
1.004882812,-1.848578075315e+00
1.005859375,-2.816695318548e-01
1.006835938,-9.255913313972e-01
1.007812500,-2.652712474241e+00
1.008789062,-1.303754887977e+00
1.009765625,1.117950421303e+00
1.010742188,2.485912452393e+00
1.011718750,5.757380992465e-01
1.012695312,1.120856221652e-01
1.013671875,-1.423049622158e-01
1.014648438,-1.404946692107e+00
1.015625000,-1.184906022632e+00
1.016601562,-8.529665462660e-01
1.017578125,-3.625341583779e-01
1.018554688,2.071704916652e+00
1.019531250,1.047023777681e+00
1.020507812,-2.503494531198e-01
1.021484375,-2.633258023188e-01
1.022460938,-3.668906093772e+00
1.023437500,-1.937143796260e+00
1.024414062,-5.894008251614e-01
1.025390625,1.803152079126e+00
1.026367188,1.867757474978e+00
1.027343750,3.295588354204e+00
1.028320312,1.435419696514e+00
1.029296875,3.924912767776e-01
1.030273438,-6.409013290269e-02
1.031250000,-2.444316847789e+00
1.032226562,1.130340220728e+00
1.033203125,-6.181238529289e-01
1.034179688,2.896707021188e+00
1.035156250,1.169296089029e+00
1.036132812,3.302268690370e-01
1.037109375,-3.229486370019e+00
1.038085938,-1.715885981681e+00
1.039062500,-2.155368249715e+00
1.040039062,1.251038077223e+00
1.041015625,2.303844966806e+00
1.041992188,7.491648982763e-01
1.042968750,2.445448239614e+00
1.043945312,8.015530302522e-01
1.044921875,-4.194966561429e+00
1.045898438,-1.794633173156e+00
1.046875000,-6.014139530397e-01
1.047851562,1.561741359615e-01
1.048828125,2.478360309143e+00
1.049804688,2.383833240681e+00
1.050781250,1.100861530293e+00
1.051757812,-2.980830900844e-01
1.052734375,-2.155457041826e+00
1.053710938,-2.933292048654e+00
1.054687500,-7.529889636186e-01
1.055664062,3.613514859707e+00
1.056640625,1.912514410955e+00
1.057617188,-6.451254054631e-01
1.058593750,-1.857461172326e+00
1.059570312,-2.764194882216e+00
1.060546875,-9.436895818787e-01
1.061523438,4.046757577795e+00
1.062500000,2.767205744405e+00
1.063476562,2.789933901670e-02
1.064453125,-8.702303503263e-01
1.065429688,-3.049387646500e+00
1.066406250,-3.659263566233e+00
1.067382812,1.219821392231e+00
1.068359375,3.831475783895e+00
1.069335938,2.730311599385e+00
1.070312500,5.371332682789e-01
1.071289062,-2.733016494479e+00
1.072265625,-2.835694821364e+00
1.073242188,-1.333437326375e+00
1.074218750,2.693596619360e+00
1.075195312,2.429688292705e+00
1.076171875,-1.626172780678e+00
1.077148438,-3.669206160926e+00
1.078125000,-4.059461547952e+00
1.079101562,1.355028271812e+00
1.080078125,1.235626930251e+00
1.081054688,1.793598906622e+00
1.082031250,2.194704992759e+00
1.083007812,-2.052009201238e+00
1.083984375,-1.666357332738e+00
1.084960938,-9.093782805485e-01
1.085937500,2.871824542470e+00
1.086914062,3.207278707333e+00
1.087890625,2.376478540568e-02
1.088867188,-2.541743712113e+00
1.089843750,-1.962418101353e+00
1.090820312,2.235791074521e-01
1.091796875,2.486681167101e+00
1.092773438,2.850950821409e+00
1.093750000,-2.376368845506e+00
1.094726562,-3.519486460868e+00
1.095703125,-2.188127082611e+00
1.096679688,1.436179496331e+00
1.097656250,1.720492491447e+00
1.098632812,-2.427409460196e-01
1.099609375,-2.684446862133e+00
1.100585938,-2.650796468083e+00
1.101562500,-1.938999999177e-01
1.102539062,3.564391344092e+00
1.103515625,7.158565278313e-01
1.104492188,-2.031118426999e+00
1.105468750,-4.025894799482e+00
1.106445312,-4.182511421670e-01
1.107421875,1.521922531088e+00
1.108398438,2.513079503153e+00
1.109375000,-8.329921153507e-01
1.110351562,-4.119123801832e+00
1.111328125,-1.965163289252e+00
1.112304688,2.346147733690e+00
1.113281250,1.724403175098e+00
1.114257812,-1.267389712298e+00
1.115234375,-5.262009393217e+00
1.116210938,-7.083670876871e-01
1.117187500,2.190527525236e+00
1.118164062,3.630949181960e+00
1.119140625,-1.360411471291e+00
1.120117188,-4.212769754030e+00
1.121093750,-6.899218776360e-01
1.122070312,3.481001920166e+00
1.123046875,3.421629734090e+00
1.124023438,-1.990859377122e+00
1.125000000,-1.309571560884e+00
1.125976562,1.835629172304e-01
1.126953125,3.222482370728e+00
1.127929688,1.629458592042e+00
1.128906250,-2.832907680332e+00
1.129882812,-3.035047253701e+00
1.130859375,6.923202104962e-01
1.131835938,3.503121917357e+00
1.132812500,-1.935349436584e+00
1.133789062,-4.381096422706e+00
1.134765625,4.191374120145e-01
1.135742188,3.430725726096e+00
1.136718750,3.861524334896e+00
1.137695312,-2.180229102589e+00
1.138671875,-2.911169361442e+00
1.139648438,8.454945047281e-01
1.140625000,4.818767147489e+00
1.141601562,-2.186302448715e+00
1.142578125,-2.922866307964e+00
1.143554688,1.921508794546e+00
1.144531250,2.377607496613e+00
1.145507812,1.137558482732e+00
1.146484375,-5.857531718886e+00
1.147460938,-1.420144885460e+00
1.148437500,4.214405047239e+00
1.149414062,2.874314807043e+00
1.150390625,-1.954537178965e+00
1.151367188,-3.068788907525e+00
1.152343750,2.474318320553e+00
1.153320312,1.748412916263e+00
1.154296875,-2.171197106529e+00
1.155273438,-1.749405641793e+00
1.156250000,1.037215049775e+00
1.157226562,1.659626618776e+00
1.158203125,-5.143911132537e-01
1.159179688,-2.628050059576e+00
1.160156250,8.648812968275e-01
1.161132812,3.676045227261e+00
1.162109375,-1.543260261397e+00
1.163085938,-3.475086246400e+00
1.164062500,1.637380841664e-01
1.165039062,3.213531783252e+00
1.166015625,8.354841941287e-01
1.166992188,-2.918353200024e+00
1.167968750,-1.542930972371e-01
1.168945312,2.722504469387e+00
1.169921875,2.360248464950e+00
1.170898438,-2.989632527395e+00
1.171875000,-3.283138326998e+00
1.172851562,4.324321366834e+00
1.173828125,3.182673621646e+00
1.174804688,-3.000549360536e+00
1.175781250,-1.595781049004e+00
1.176757812,2.549129144811e+00
1.177734375,3.607361565636e+00
1.178710938,-1.736421790497e+00
1.179687500,-4.027003236393e+00
1.180664062,-4.009064176626e-01
1.181640625,4.517509351635e+00
1.182617188,1.429801519371e+00
1.183593750,-3.920360543285e+00
1.184570312,1.060218310664e+00
1.185546875,3.272652435364e+00
1.186523438,6.656482442050e-01
1.187500000,-4.608302355368e+00
1.188476562,-1.264992608809e+00
1.189453125,3.469606383570e+00
1.190429688,1.664268331154e+00
1.191406250,-2.234174337652e+00
1.192382812,-8.155890374790e-01
1.193359375,3.900276155669e+00
1.194335938,2.103128374186e+00
1.195312500,-2.517873690121e+00
1.196289062,-3.629909583070e+00
1.197265625,1.381685382471e+00
1.198242188,3.284641786531e+00
1.199218750,-1.785044111328e+00
1.200195312,-6.592110399459e+00
1.201171875,1.893409217919e+00
1.202148438,4.235203745633e+00
1.203125000,-7.894742750313e-01
1.204101562,-2.843542282784e+00
1.205078125,2.751994522729e+00
1.206054688,2.586315548763e+00
1.207031250,9.664489434477e-01
1.208007812,-3.899379020175e+00
1.208984375,-1.868254457515e-01
1.209960938,3.169572896336e+00
1.210937500,-3.114597290746e-01
1.211914062,-3.771095368471e+00
1.212890625,-9.234635305635e-01
1.213867188,1.727156166899e+00
1.214843750,9.429156642938e-02
1.215820312,-6.977866195717e-01
1.216796875,-7.740974259171e-01
1.217773438,8.335283387048e-01
1.218750000,3.013038369065e+00
1.219726562,-1.014133216888e+00
1.220703125,-2.161174130173e+00
1.221679688,1.203093661652e+00
1.222656250,2.303693533774e+00
1.223632812,1.435105995460e+00
1.224609375,-1.978779429459e+00
1.225585938,-3.305484739981e-01
1.226562500,2.806171975536e+00
1.227539062,-5.819992524221e-01
1.228515625,-1.970772783664e+00
1.229492188,-3.868169018499e-01
1.230468750,2.210356370343e+00
1.231445312,1.777825173348e+00
1.232421875,-1.837623059845e+00
1.233398438,5.705155121983e-01
1.234375000,3.422170419514e+00
1.235351562,1.553756246054e+00
1.236328125,-4.008789635574e-01
1.237304688,-3.374763198619e+00
1.238281250,2.823793114663e+00
1.239257812,1.203692093041e+00
1.240234375,-5.144469155993e-01
1.241210938,-1.265618178281e+00
1.242187500,1.178458888049e+00
1.243164062,8.989151761954e-01
1.244140625,-1.487908351353e+00
1.245117188,-3.091133539525e+00
1.246093750,3.678460405968e-01
1.247070312,2.516563810951e+00
1.248046875,1.460620026805e+00
1.249023438,-2.686781745756e+00
1.250000000,-5.876182737350e-01
1.250976562,7.363685381582e-01
1.251953125,-6.184111875413e-01
1.252929688,-7.799606552010e-01
1.253906250,8.040726264009e-01
1.254882812,1.013477468558e+00
1.255859375,2.734741976005e+00
1.256835938,-2.692631014616e+00
1.257812500,-2.275808024195e+00
1.258789062,1.649637660606e+00
1.259765625,1.540633024266e+00
1.260742188,-1.001349016312e+00
1.261718750,-1.757414081796e+00
1.262695312,9.779602405122e-01
1.263671875,6.167523835589e-01
1.264648438,5.014570472129e-01
1.265625000,-1.543604690832e+00
1.266601562,8.149969269213e-01
1.267578125,2.289203569384e+00
1.268554688,5.746301553959e-01
1.269531250,-2.117112177905e+00
1.270507812,9.010949825041e-01
1.271484375,3.363321490004e-01
1.272460938,1.750721288356e+00
1.273437500,1.472567675910e+00
1.274414062,1.914087507581e-02
1.275390625,6.858526500284e-01
1.276367188,2.324984126204e+00
1.277343750,-3.067846818919e-01
1.278320312,-1.092985134557e+00
1.279296875,4.753150763511e-01
1.280273438,1.867005175962e+00
1.281250000,-1.791592970009e+00
1.282226562,9.235042948378e-02
1.283203125,-1.619197315247e+00
1.284179688,9.457739872877e-01
1.285156250,-1.572822563128e-01
1.286132812,-2.338657571201e+00
1.287109375,-8.423743191837e-01
1.288085938,9.524347450117e-01
1.289062500,7.920442359925e-01
1.290039062,-9.360831350956e-01
1.291015625,1.696857102722e+00
1.291992188,9.540985906399e-01
1.292968750,3.627245856351e-02
1.293945312,-1.498510731528e+00
1.294921875,2.110852964158e-01
1.295898438,-6.362776630195e-01
1.296875000,-1.380578170576e+00
1.297851562,1.720097712679e-01
1.298828125,-3.838160573236e+00
1.299804688,1.306121126249e+00
1.300781250,-3.384704689591e-01
1.301757812,7.235236988447e-03
1.302734375,-1.020827170334e+00
1.303710938,-4.221715102413e-01
1.304687500,1.162066440283e+00
1.305664062,1.282238757714e-01
1.306640625,-4.691659817860e-01
1.307617188,-1.284436170865e+00
1.308593750,1.750025861390e+00
1.309570312,3.254683827135e-01
1.310546875,5.100618529781e-01
1.311523438,-6.221672236103e-01
1.312500000,1.352829642804e+00
1.313476562,5.260768591147e-01
1.314453125,1.797376531637e-01
1.315429688,8.533474007044e-01
1.316406250,-2.820756340214e-01
1.317382812,9.686741406012e-01
1.318359375,4.099432465184e-01
1.319335938,-8.183292400660e-01
1.320312500,-6.998346526527e-02
1.321289062,1.179649408784e+00
1.322265625,-2.207987995027e-01
1.323242188,-2.242579763337e+00
1.324218750,5.459257359535e-01
1.325195312,-2.037082363300e+00
1.326171875,-5.921098758639e-02
1.327148438,4.504032506623e-01
1.328125000,-2.428004673496e-01
1.329101562,-5.516917689179e-01
1.330078125,-1.119891784815e+00
1.331054688,5.582320245634e-01
1.332031250,4.966202907119e-01
1.333007812,7.074437264292e-01
1.333984375,3.794990288794e-01
1.334960938,2.365947767239e-01
1.335937500,-7.549784346205e-01
1.336914062,3.770811656005e-01
1.337890625,2.982562934601e-02
1.338867188,1.897755005851e-01
1.339843750,-2.819634828770e-01
1.340820312,8.518631801454e-01
1.341796875,9.213383840992e-01
1.342773438,-1.663181186009e+00
1.343750000,-1.321485635417e+00
1.344726562,-1.333191402342e+00
1.345703125,-6.613748494195e-02
1.346679688,1.305690825534e+00
1.347656250,1.300677038532e-01
1.348632812,-1.131734233036e+00
1.349609375,-3.042197155089e-01
1.350585938,-2.403483299445e-01
1.351562500,1.333097236031e+00
1.352539062,6.801360328960e-01
1.353515625,1.927588911443e+00
1.354492188,1.216425695401e+00
1.355468750,-1.436477544722e+00
1.356445312,2.981224914037e-02
1.357421875,1.772652334078e-03
1.358398438,1.135295844306e-01
1.359375000,1.246003843324e+00
1.360351562,-6.637518597939e-01
1.361328125,-6.436363206554e-01
1.362304688,-1.935881783532e-01
1.363281250,-7.199770630257e-01
1.364257812,-9.269231525580e-01
1.365234375,9.964572419093e-01
1.366210938,9.807546287326e-01
1.367187500,1.645498198815e-01
1.368164062,-9.247144948150e-01
1.369140625,-1.282894767780e-01
1.370117188,1.810951630226e+00
1.371093750,8.721590990939e-01
1.372070312,-1.374931193175e+00
1.373046875,1.104296250789e+00
1.374023438,4.726385415621e-01
1.375000000,4.451527079555e-01
1.375976562,-1.768323684496e+00
1.376953125,-1.525023296626e+00
1.377929688,3.498774067381e-01
1.378906250,-1.759583426791e+00
1.379882812,-9.166800839760e-01
1.380859375,-3.466681313504e+00
1.381835938,1.157289496488e+00
1.382812500,1.196826445017e+00
1.383789062,-1.254354858066e+00
1.384765625,1.552582635245e+00
1.385742188,1.054610645414e+00
1.386718750,-2.936351264849e-01
1.387695312,-4.476967603107e-01
1.388671875,5.475469980500e-01
1.389648438,-2.159341018583e-01
1.390625000,1.802013475927e+00
1.391601562,-6.877328573088e-01
1.392578125,9.627015532829e-01
1.393554688,-5.537397675576e-01
1.394531250,-2.862403731646e-01
1.395507812,2.881477707615e-01
1.396484375,1.264916905830e-01
1.397460938,-9.278388359523e-01
1.398437500,-4.044589552351e-01
1.399414062,-3.629595544939e-01
1.400390625,1.235194849905e+00
1.401367188,-1.205350443016e+00
1.402343750,1.176812667263e-01
1.403320312,-3.813731508399e-01
1.404296875,-5.179005728420e-01
1.405273438,2.154133842268e+00
1.406250000,-7.769100874230e-01
1.407226562,-1.123403682817e+00
1.408203125,-1.360571195450e+00
1.409179688,-1.701459647214e+00
1.410156250,1.589555850567e+00
1.411132812,2.603415511147e-01
1.412109375,9.148909788955e-01
1.413085938,1.174086864746e+00
1.414062500,8.299580072546e-01
1.415039062,1.754927893925e-01
1.416015625,-9.864745950783e-01
1.416992188,-1.108816393450e+00
1.417968750,-6.329855908508e-01
1.418945312,7.353353938778e-01
1.419921875,-4.746964942020e-01
1.420898438,-8.039117763768e-01
1.421875000,-1.873318494955e-01
1.422851562,7.046249973607e-01
1.423828125,6.120431600238e-01
1.424804688,-8.095358506321e-01
1.425781250,1.392159963131e+00
1.426757812,-9.485573352873e-01
1.427734375,-1.512135413229e-01
1.428710938,-8.856807068358e-01
1.429687500,5.022958383608e-01
1.430664062,-9.965236503491e-01
1.431640625,-7.475665164402e-02
1.432617188,1.375342742019e+00
1.433593750,-4.205026920453e-01
1.434570312,-9.909156225376e-03
1.435546875,-1.099300860747e+00
1.436523438,-2.302745462267e+00
1.437500000,3.823457075937e-01
1.438476562,-3.819425401540e-01
1.439453125,1.516836563610e+00
1.440429688,8.709523408037e-01
1.441406250,-7.084401917810e-01
1.442382812,2.079403152348e-01
1.443359375,1.666587420391e+00
1.444335938,5.690004593565e-01
1.445312500,-1.257710381888e+00
1.446289062,-5.677168411344e-01
1.447265625,-9.408028103285e-01
1.448242188,4.437183436399e-01
1.449218750,1.589951785223e+00
1.450195312,1.451887935953e+00
1.451171875,-1.681388617971e-01
1.452148438,1.890249563893e+00
1.453125000,3.702834001549e-01
1.454101562,1.657445588760e+00
1.455078125,-1.702990085412e+00
1.456054688,-6.586811921886e-01
1.457031250,-3.650559087056e-01
1.458007812,1.131273124148e+00
1.458984375,-8.366702289903e-01
1.459960938,6.138301618721e-01
1.460937500,2.658422152040e-01
1.461914062,1.057633150942e+00
1.462890625,-1.663179907266e-01
1.463867188,-1.774829194136e-01
1.464843750,2.408165366656e-01
1.465820312,1.466596169120e+00
1.466796875,1.066690921706e+00
1.467773438,1.148749256009e+00
1.468750000,1.335119687442e-01
1.469726562,1.542125871470e+00
1.470703125,1.120848209552e+00
1.471679688,-1.038820166378e+00
1.472656250,2.773284212506e-01
1.473632812,3.139222358006e-01
1.474609375,-2.789830613395e-01
1.475585938,8.099744231300e-01
1.476562500,1.507602432588e+00
1.477539062,1.195393193899e+00
1.478515625,1.175608124999e+00
1.479492188,9.239435971404e-01
1.480468750,-4.931386012990e-01
1.481445312,-8.405898870323e-02
1.482421875,9.833810953108e-01
1.483398438,2.011465579384e+00
1.484375000,9.692762499018e-01
1.485351562,-1.003446403410e+00
1.486328125,2.009060265998e+00
1.487304688,9.839289959297e-01
1.488281250,5.662649756400e-01
1.489257812,7.658040419010e-01
1.490234375,2.523744319295e+00
1.491210938,6.946463639702e-01
1.492187500,4.324653208274e-01
1.493164062,7.129709110608e-01
1.494140625,-9.447397869304e-01
1.495117188,-8.754035398892e-01
1.496093750,1.152686446753e+00
1.497070312,1.587836271057e-01
1.498046875,8.401832660449e-01
1.499023438,2.910120886813e-01
1.500000000,9.028726555084e-01
1.500976562,1.472951176787e-01
1.501953125,3.256639463589e-02
1.502929688,-1.014683241158e+00
1.503906250,8.388962432195e-01
1.504882812,-4.696262516872e-01
1.505859375,3.289458533062e-01
1.506835938,-4.987808519799e-03
1.507812500,-6.790225339933e-01
1.508789062,8.319953045594e-01
1.509765625,1.267535752627e+00
1.510742188,1.769914486038e+00
1.511718750,-1.378709093696e+00
1.512695312,1.118609936871e+00
1.513671875,3.130189939099e-01
1.514648438,4.317444891151e-01
1.515625000,1.723635535539e+00
1.516601562,4.478655304102e-01
1.517578125,1.101962048494e+00
1.518554688,-1.824925132114e+00
1.519531250,1.167835847935e+00
1.520507812,2.612872007821e-01
1.521484375,-8.137217164874e-01
1.522460938,7.007105464802e-01
1.523437500,1.209179243044e+00
1.524414062,-6.001568003001e-01
1.525390625,-2.472828663938e-01
1.526367188,3.061950343932e-01
1.527343750,4.395529541578e-02
1.528320312,4.404052762054e-01
1.529296875,6.585154814576e-01
1.530273438,4.054730953762e-01
1.531250000,6.304340151052e-01
1.532226562,-1.915212570318e-01
1.533203125,9.759182893815e-02
1.534179688,1.188309171107e+00
1.535156250,1.503437867028e+00
1.536132812,-3.703479233422e-02
1.537109375,1.355773846204e+00
1.538085938,4.780041304912e-01
1.539062500,9.201073708767e-01
1.540039062,-7.895129492382e-01
1.541015625,6.216722689017e-01
1.541992188,5.423221311018e-01
1.542968750,5.519091684057e-01
1.543945312,4.160303218520e-01
1.544921875,9.612002437780e-01
1.545898438,-6.065098534322e-01
1.546875000,-7.630363414478e-01
1.547851562,1.184083452662e+00
1.548828125,-8.605014544049e-01
1.549804688,-2.346193529017e-01
1.550781250,1.463560118819e+00
1.551757812,4.073651695628e-01
1.552734375,9.958871883849e-01
1.553710938,1.577410467457e+00
1.554687500,5.796902444192e-01
1.555664062,-1.575563957205e+00
1.556640625,3.097477417781e+00
1.557617188,3.619191524078e-01
1.558593750,-4.553724820050e-01
1.559570312,3.609032922569e-02
1.560546875,-8.891025833491e-03
1.561523438,-8.207484471796e-01
1.562500000,-4.079127550839e-01
1.563476562,1.367460620679e-01
1.564453125,3.455743030976e-01
1.565429688,5.483617444723e-01
1.566406250,1.038611312975e+00
1.567382812,-4.474746229727e-01
1.568359375,6.149783376906e-01
1.569335938,1.939552708133e+00
1.570312500,8.499239847609e-01
1.571289062,1.290799739371e+00
1.572265625,7.905636635023e-01
1.573242188,-1.414535520874e+00
1.574218750,-9.141590964691e-01
1.575195312,-1.428142138328e+00
1.576171875,4.405740774302e-01
1.577148438,-7.262307971827e-01
1.578125000,2.015987357868e+00
1.579101562,5.363610713774e-01
1.580078125,-6.794527722071e-01
1.581054688,1.803925329692e+00
1.582031250,7.950651605843e-02
1.583007812,6.166560875358e-01
1.583984375,-1.178109795764e+00
1.584960938,6.855166393948e-01
1.585937500,1.269657838104e+00
1.586914062,-1.176771022964e+00
1.587890625,5.988917043415e-02
1.588867188,-4.525309865694e-01
1.589843750,-2.745982724645e-01
1.590820312,4.504460030435e-01
1.591796875,-1.756617847749e+00
1.592773438,1.109838469456e+00
1.593750000,6.142543553761e-02
1.594726562,-5.205426299953e-01
1.595703125,-6.423178161324e-01
1.596679688,-1.430323355731e+00
1.597656250,1.411156018922e+00
1.598632812,-1.222227297286e+00
1.599609375,3.435757101239e-01
1.600585938,-1.196731101298e-02
1.601562500,-5.345085705416e-01
1.602539062,-6.386418638750e-01
1.603515625,-1.475828157777e-01
1.604492188,-2.937479369239e-01
1.605468750,4.850739230994e-01
1.606445312,1.089987907791e+00
1.607421875,8.130138710953e-01
1.608398438,-2.587707393615e+00
1.609375000,-1.347319503645e+00
1.610351562,1.752396788648e-01
1.611328125,-5.398677832053e-01
1.612304688,5.956424604128e-01
1.613281250,-1.375042813214e+00
1.614257812,-1.377353761490e+00
1.615234375,9.048825728905e-01
1.616210938,-9.600747377439e-02
1.617187500,1.904247385632e+00
1.618164062,-3.058604194757e-01
1.619140625,-4.811919038682e-01
1.620117188,-9.787855063352e-01
1.621093750,1.257250648221e+00
1.622070312,-1.086017909855e+00
1.623046875,-1.407801468173e-01
1.624023438,-3.795313195982e-01
1.625000000,-2.336902290502e-01
1.625976562,1.420043177533e-01
1.626953125,7.930072659705e-01
1.627929688,-2.510783714495e+00
1.628906250,-1.704088142822e-01
1.629882812,1.494010308177e+00
1.630859375,5.330222224207e-01
1.631835938,6.063308340395e-02
1.632812500,-2.104422239957e-01
1.633789062,-9.427813502490e-02
1.634765625,4.541664819513e-01
1.635742188,-4.421451464255e-02
1.636718750,4.489170757875e-01
1.637695312,-2.494362610000e-01
1.638671875,1.014985138477e+00
1.639648438,-9.842719301829e-02
1.640625000,2.177199132444e-01
1.641601562,-5.289095321441e-01
1.642578125,-5.323192069210e-01
1.643554688,1.825593557338e+00
1.644531250,-6.117446300345e-01
1.645507812,-7.929829202934e-01
1.646484375,-1.249922211781e+00
1.647460938,-2.206980960048e+00
1.648437500,3.431517914994e-01
1.649414062,-9.731549277339e-01
1.650390625,1.415977190286e+00
1.651367188,1.571939741188e+00
1.652343750,8.810468024461e-02
1.653320312,5.799897308450e-02
1.654296875,1.991300170038e+00
1.655273438,1.152892023290e+00
1.656250000,6.461961057882e-01
1.657226562,3.092434682682e-01
1.658203125,1.040003015264e-01
1.659179688,1.006293445862e+00
1.660156250,2.889123309409e+00
1.661132812,2.639019075553e+00
1.662109375,1.497959288572e+00
1.663085938,-1.105998722761e+00
1.664062500,2.208591977994e-01
1.665039062,1.804960778543e-02
1.666015625,7.854520509922e-01
1.666992188,-4.635275365882e-02
1.667968750,-5.876116881028e-02
1.668945312,-2.364465310055e+00
1.669921875,5.256742610857e-01
1.670898438,8.913150970260e-01
1.671875000,1.110146163293e+00
1.672851562,1.489998562096e+00
1.673828125,-8.074366098276e-01
1.674804688,3.846901994744e-01
1.675781250,-7.501917445462e-01
1.676757812,-7.895348893553e-01
1.677734375,-8.660036252881e-01
1.678710938,-4.533784530688e-01
1.679687500,-1.430528132152e+00
1.680664062,2.240821680424e-01
1.681640625,5.774525068208e-01
1.682617188,-5.417041324821e-02
1.683593750,3.086395968962e-01
1.684570312,-1.292394504561e+00
1.685546875,3.476290022613e-01
1.686523438,-1.814960465486e-01
1.687500000,8.780797644861e-01
1.688476562,1.181650751286e+00
1.689453125,-1.024547154504e+00
1.690429688,2.486693225942e-01
1.691406250,-1.847901151719e+00
1.692382812,1.362981023100e+00
1.693359375,-1.329451359682e-01
1.694335938,-1.560144311793e+00
1.695312500,1.274198522232e+00
1.696289062,-1.772671887459e+00
1.697265625,6.599892877145e-01
1.698242188,1.335751891624e+00
1.699218750,2.166297348553e+00
1.700195312,3.431019504931e-01
1.701171875,1.425911787107e+00
1.702148438,3.759385889442e-01
1.703125000,-1.816826522480e+00
1.704101562,-1.988658661872e-02
1.705078125,3.469141433480e-01
1.706054688,-8.188054551595e-02
1.707031250,5.087172479127e-01
1.708007812,-5.036281486845e-01
1.708984375,6.456963370556e-01
1.709960938,-1.342283080039e+00
1.710937500,4.198865082118e-01
1.711914062,-1.064682836883e-01
1.712890625,-1.960328765692e+00
1.713867188,-1.004827064030e+00
1.714843750,1.079357164018e+00
1.715820312,2.821729202640e-01
1.716796875,-7.886015231221e-01
1.717773438,9.861071827744e-01
1.718750000,-1.408716807719e+00
1.719726562,-3.585919469948e-01
1.720703125,-7.304828714742e-01
1.721679688,-5.057019863335e-01
1.722656250,-6.002108823588e-01
1.723632812,2.437758326490e-01
1.724609375,2.599064462406e-01
1.725585938,4.507693804789e-01
1.726562500,-4.463543608146e-01
1.727539062,1.311783785716e+00
1.728515625,7.344207960644e-01
1.729492188,9.943568105538e-01
1.730468750,2.082101600681e-01
1.731445312,-2.947537287256e-01
1.732421875,-2.118167501340e+00
1.733398438,-2.296938599161e-02
1.734375000,1.100547272097e+00
1.735351562,-9.514817627074e-02
1.736328125,-6.475428394787e-01
1.737304688,4.629307630115e-01
1.738281250,1.235620834659e+00
1.739257812,-1.298490277661e+00
1.740234375,-3.190137047921e-01
1.741210938,-5.879626271422e-02
1.742187500,1.902308409409e+00
1.743164062,9.807490145295e-01
1.744140625,1.413960871732e+00
1.745117188,-1.512229182413e-01
1.746093750,-1.228906514781e-01
1.747070312,7.154689915651e-02
1.748046875,7.730243909946e-01
1.749023438,-1.505096365962e+00
1.750000000,1.978515390279e-01
1.750976562,-2.885663317411e-01
1.751953125,2.217863804520e+00
1.752929688,8.835723423497e-01
1.753906250,8.804047922429e-01
1.754882812,3.168890865749e-01
1.755859375,2.293838046027e-02
1.756835938,8.528099148668e-01
1.757812500,1.845028032081e+00
1.758789062,1.027070781538e+00
1.759765625,1.500534494032e+00
1.760742188,1.641419305681e-01
1.761718750,-1.367790052451e-01
1.762695312,-4.096511953419e-01
1.763671875,8.642988130781e-01
1.764648438,5.932311751337e-01
1.765625000,-4.204904308384e-02
1.766601562,8.273989168393e-01
1.767578125,1.320278431713e+00
1.768554688,6.268440377210e-01
1.769531250,1.944773871746e+00
1.770507812,3.348217377917e-01
1.771484375,1.518391080635e+00
1.772460938,1.884003445081e-01
1.773437500,5.067737429805e-01
1.774414062,1.428672590759e+00
1.775390625,-1.453972960139e+00
1.776367188,-4.404682815851e-01
1.777343750,-8.901750531751e-01
1.778320312,-1.231333922315e+00
1.779296875,6.555822380307e-01
1.780273438,3.207789922930e-02
1.781250000,1.381581352084e+00
1.782226562,-7.242900048976e-01
1.783203125,3.402354863422e-01
1.784179688,5.327683495103e-01
1.785156250,1.767386764545e+00
1.786132812,-1.875519264171e+00
1.787109375,-3.256335200794e-01
1.788085938,-1.017026322029e+00
1.789062500,-2.009675877496e-02
1.790039062,-3.619639114662e-02
1.791015625,-1.059060964212e-01
1.791992188,2.391177555227e-01
1.792968750,-8.398618814104e-01
1.793945312,6.168986083713e-01
1.794921875,-1.538253419950e+00
1.795898438,-5.633809757582e-03
1.796875000,1.940344487466e-01
1.797851562,2.503305385134e-01
1.798828125,-1.007067068891e+00
1.799804688,7.274034750246e-01
1.800781250,-6.951612227927e-01
1.801757812,-1.070829953930e+00
1.802734375,1.844514042494e-01
1.803710938,5.201150894182e-01
1.804687500,9.247157114411e-02
1.805664062,1.818092364529e+00
1.806640625,-1.788637955128e+00
1.807617188,3.633579490477e-01
1.808593750,5.581100887528e-01
1.809570312,-4.847914721327e-01
1.810546875,1.181622420832e+00
1.811523438,-5.752953664107e-01
1.812500000,-3.526630613936e-01
1.813476562,-2.346817408518e-02
1.814453125,-5.609462691817e-02
1.815429688,1.364189961260e+00
1.816406250,4.491175629148e-01
1.817382812,-2.019982320235e-01
1.818359375,1.977226819979e-01
1.819335938,3.263452474202e-01
1.820312500,-1.330376838259e-01
1.821289062,-2.403983650782e-01
1.822265625,1.879899903171e+00
1.823242188,-4.107240627690e-01
1.824218750,7.287832899948e-01
1.825195312,-2.367802402117e+00
1.826171875,5.476480453685e-01
1.827148438,8.959477290129e-01
1.828125000,5.918419840981e-01
1.829101562,-1.581467399934e-01
1.830078125,1.543024715131e-02
1.831054688,1.875841858978e-01
1.832031250,-9.901157192053e-01
1.833007812,7.757436920268e-01
1.833984375,-1.065342731801e+00
1.834960938,-1.413641728274e-01
1.835937500,7.805639050879e-01
1.836914062,-8.312284424337e-01
1.837890625,1.151695586457e+00
1.838867188,-8.413493592530e-01
1.839843750,-2.350099667631e+00
1.840820312,1.040502643705e+00
1.841796875,1.026100307628e+00
1.842773438,3.445871384148e-01
1.843750000,-3.278640781540e-01
1.844726562,8.776024426753e-01
1.845703125,4.121994636761e-01
1.846679688,6.233210709008e-01
1.847656250,1.895219801537e-01
1.848632812,6.776493475120e-01
1.849609375,1.449840357455e+00
1.850585938,7.990837452314e-02
1.851562500,-1.306583673850e+00
1.852539062,3.044495021907e-01
1.853515625,-1.413618082504e-01
1.854492188,1.528738784248e-01
1.855468750,-4.986451498718e-01
1.856445312,1.212226289378e+00
1.857421875,-1.095725498161e-01
1.858398438,2.910938798001e-01
1.859375000,-1.144321618411e-01
1.860351562,7.350771183698e-01
1.861328125,1.115853049701e+00
1.862304688,1.425956562895e+00
1.863281250,8.730011796380e-01
1.864257812,-1.597278904437e+00
1.865234375,8.106690352882e-01
1.866210938,7.129762423388e-01
1.867187500,9.621689315906e-01
1.868164062,-1.204320030502e+00
1.869140625,1.813352549919e-01
1.870117188,1.215919574586e+00
1.871093750,1.734012874653e+00
1.872070312,1.562831332569e-01
1.873046875,7.259755285016e-01
1.874023438,-5.558723203185e-01
1.875000000,8.903206317261e-02
1.875976562,4.578386775185e-01
1.876953125,-1.089068433805e+00
1.877929688,1.218993864808e+00
1.878906250,4.062704340869e-01
1.879882812,3.911512539257e-02
1.880859375,1.358532549672e+00
1.881835938,1.687923059824e-01
1.882812500,-7.578670449860e-01
1.883789062,1.827455470906e+00
1.884765625,3.765464727871e-01
1.885742188,1.965876272748e+00
1.886718750,3.086622924177e-01
1.887695312,4.754638004494e-01
1.888671875,-1.786831815687e+00
1.889648438,-6.402005165130e-01
1.890625000,1.052391482152e+00
1.891601562,8.152069577073e-01
1.892578125,7.686195752656e-01
1.893554688,5.712688137007e-01
1.894531250,-4.990894662714e-02
1.895507812,7.271587322079e-01
1.896484375,-4.294876261326e-01
1.897460938,-3.020300357267e-01
1.898437500,1.466780849115e+00
1.899414062,1.107830381734e+00
1.900390625,-5.732565946887e-02
1.901367188,3.174495165762e+00
1.902343750,1.042863674711e+00
1.903320312,-3.520097474810e-02
1.904296875,-5.256417958839e-01
1.905273438,-3.237068977609e-01
1.906250000,2.206991442985e-01
1.907226562,-7.229409461738e-01
1.908203125,1.135652155577e+00
1.909179688,-1.311776342067e+00
1.910156250,-5.802232045947e-01
1.911132812,1.645430646153e+00
1.912109375,-2.693976373854e-01
1.913085938,3.724372910246e-01
1.914062500,-4.717961293325e-01
1.915039062,6.429083374383e-02
1.916015625,-1.549708972425e+00
1.916992188,-1.446575624177e+00
1.917968750,1.243659822769e+00
1.918945312,7.208555597942e-02
1.919921875,-7.921980551856e-01
1.920898438,6.888948112683e-01
1.921875000,-1.326138671026e+00
1.922851562,2.099213281743e-01
1.923828125,6.080680820281e-01
1.924804688,-6.672203681571e-01
1.925781250,-1.785003601059e-01
1.926757812,-8.943490700126e-01
1.927734375,6.952450846849e-01
1.928710938,-1.020578018053e+00
1.929687500,4.544107453249e-01
1.930664062,4.821958380336e-01
1.931640625,-7.628188858469e-01
1.932617188,1.400104858903e+00
1.933593750,1.023161897916e+00
1.934570312,5.541038439941e-01
1.935546875,5.868974932086e-01
1.936523438,-5.132229351174e-01
1.937500000,-3.121519100300e-01
1.938476562,1.510158937137e+00
1.939453125,3.791028219181e-01
1.940429688,-7.276526196160e-01
1.941406250,-1.198715024217e+00
1.942382812,6.020769352643e-01
1.943359375,-1.968871475363e-01
1.944335938,1.295967226300e+00
1.945312500,-5.701962774353e-01
1.946289062,9.410501474806e-01
1.947265625,4.510980802902e-01
1.948242188,3.982236581132e-01
1.949218750,3.410039851643e-01
1.950195312,6.425207649668e-01
1.951171875,1.817908900532e+00
1.952148438,4.800362507271e-01
1.953125000,4.026378374715e-01
1.954101562,3.959767373349e-01
1.955078125,-7.391045951388e-01
1.956054688,-9.544092004911e-01
1.957031250,1.525666661359e+00
1.958007812,8.375476869409e-01
1.958984375,5.258968000789e-01
1.959960938,4.240658902721e-02
1.960937500,4.852926140716e-01
1.961914062,4.668433550327e-01
1.962890625,1.112764633300e+00
1.963867188,4.721595330562e-01
1.964843750,-2.342293408911e-01
1.965820312,-1.513245016202e+00
1.966796875,3.090414547868e+00
1.967773438,-2.134848446725e+00
1.968750000,1.444368690604e+00
1.969726562,3.974272645351e-01
1.970703125,-3.298239638013e-01
1.971679688,5.315206094457e-01
1.972656250,1.481850677964e+00
1.973632812,-6.310014665334e-01
1.974609375,1.025655395022e+00
1.975585938,-7.050380692413e-01
1.976562500,6.527297629150e-01
1.977539062,-5.008956721144e-01
1.978515625,1.736284112223e-01
1.979492188,1.134068294908e+00
1.980468750,2.517785653007e-01
1.981445312,1.563143712023e+00
1.982421875,-9.937518548872e-01
1.983398438,1.014186958596e+00
1.984375000,7.438487882240e-02
1.985351562,1.355174796996e+00
1.986328125,5.216805100849e-01
1.987304688,-1.091883062736e+00
1.988281250,1.093492999369e+00
1.989257812,7.946820977485e-01
1.990234375,4.932134462952e-01
1.991210938,9.153542491830e-01
1.992187500,8.559074284620e-01
1.993164062,-2.890989049289e-01
1.994140625,6.916199605463e-01
1.995117188,8.297315873720e-01
1.996093750,4.722023191158e-01
1.997070312,3.509928024967e-01
1.998046875,-1.690874242097e-01
1.999023438,8.405248228070e-02
