variant_type,component_under_test,enabled_components,control_scope,target_mean,target_variance,control_mean,control_variance,failing_control_families,variant_verdict,base_verdict,verdict_changed,flags,reasons
single_component,d_inv,d_inv,focus_controls,0.2857688283663579,0.004639825656019585,0.055646325496553364,0.011648583443803808,periodic_diagonal_augmented_control|randomized_edge_control|shuffled_structure_control,FAIL,FAIL,False,single_component_reproduces_base_verdict|control_reversal,target distances exceed closure threshold|pooled controls equal or beat target|periodic_diagonal_augmented_control equals or beats target|randomized_edge_control equals or beats target|shuffled_structure_control equals or beats target|seed count below configured PASS minimum
single_component,d_inv,d_inv,all_negative_controls,0.2857688283663579,0.004639825656019585,0.19051509187947527,0.11684872387086857,periodic_diagonal_augmented_control|shuffled_structure_control|randomized_edge_control|degraded_signal_control|label_permutation_control|generic_graph_operator_control,FAIL,FAIL,False,single_component_reproduces_base_verdict|control_reversal,target distances exceed closure threshold|pooled controls equal or beat target|degraded_signal_control equals or beats target|generic_graph_operator_control equals or beats target|label_permutation_control equals or beats target|periodic_diagonal_augmented_control equals or beats target|randomized_edge_control equals or beats target|shuffled_structure_control equals or beats target|seed count below configured PASS minimum
leave_one_out,d_inv,d_struct|d_spec|d_causal|d_time|d_addr,focus_controls,0.19453079028061518,5.241335270811964e-05,0.19646166767660972,0.0016031105502531799,periodic_diagonal_augmented_control,FAIL,FAIL,False,control_reversal,periodic_diagonal_augmented_control equals or beats target|seed count below configured PASS minimum
leave_one_out,d_inv,d_struct|d_spec|d_causal|d_time|d_addr,all_negative_controls,0.19453079028061518,5.241335270811964e-05,0.30552986569919666,0.015169278626084404,periodic_diagonal_augmented_control,FAIL,FAIL,False,control_reversal,periodic_diagonal_augmented_control equals or beats target|seed count below configured PASS minimum
single_component,d_struct,d_struct,focus_controls,0.37373737373737376,0.003264972961942656,0.3691077441077441,0.0225321750048181,periodic_diagonal_augmented_control,FAIL,FAIL,False,single_component_reproduces_base_verdict|control_reversal,target distances exceed closure threshold|pooled controls equal or beat target|periodic_diagonal_augmented_control equals or beats target|seed count below configured PASS minimum
single_component,d_struct,d_struct,all_negative_controls,0.37373737373737376,0.003264972961942656,0.5078763828763828,0.045588339619424274,periodic_diagonal_augmented_control,FAIL,FAIL,False,single_component_reproduces_base_verdict|control_reversal,target distances exceed closure threshold|periodic_diagonal_augmented_control equals or beats target|seed count below configured PASS minimum
leave_one_out,d_struct,d_inv|d_spec|d_causal|d_time|d_addr,focus_controls,0.17693708120641202,0.00043884062725461383,0.13376938395437155,0.002205977057242499,periodic_diagonal_augmented_control|randomized_edge_control|shuffled_structure_control,FAIL,FAIL,False,control_reversal,pooled controls equal or beat target|periodic_diagonal_augmented_control equals or beats target|randomized_edge_control equals or beats target|shuffled_structure_control equals or beats target|seed count below configured PASS minimum
leave_one_out,d_struct,d_inv|d_spec|d_causal|d_time|d_addr,all_negative_controls,0.17693708120641202,0.00043884062725461383,0.24205760749981511,0.028246253888499342,periodic_diagonal_augmented_control|shuffled_structure_control|randomized_edge_control|label_permutation_control,FAIL,FAIL,False,control_reversal,label_permutation_control equals or beats target|periodic_diagonal_augmented_control equals or beats target|randomized_edge_control equals or beats target|shuffled_structure_control equals or beats target|seed count below configured PASS minimum
single_component,d_spec,d_spec,focus_controls,0.4345174733573122,0.0011504379593388148,0.11707917838950212,0.04245521245452783,periodic_diagonal_augmented_control|randomized_edge_control|shuffled_structure_control,FAIL,FAIL,False,single_component_reproduces_base_verdict|control_reversal,target distances exceed closure threshold|pooled controls equal or beat target|periodic_diagonal_augmented_control equals or beats target|randomized_edge_control equals or beats target|shuffled_structure_control equals or beats target|seed count below configured PASS minimum
single_component,d_spec,d_spec,all_negative_controls,0.4345174733573122,0.0011504379593388148,0.24065298121454853,0.12488604984851834,periodic_diagonal_augmented_control|shuffled_structure_control|randomized_edge_control|degraded_signal_control|label_permutation_control|generic_graph_operator_control,FAIL,FAIL,False,single_component_reproduces_base_verdict|control_reversal,target distances exceed closure threshold|pooled controls equal or beat target|degraded_signal_control equals or beats target|generic_graph_operator_control equals or beats target|label_permutation_control equals or beats target|periodic_diagonal_augmented_control equals or beats target|randomized_edge_control equals or beats target|shuffled_structure_control equals or beats target|seed count below configured PASS minimum
leave_one_out,d_spec,d_inv|d_struct|d_causal|d_time|d_addr,focus_controls,0.16478106128242434,0.0002881017093685911,0.18417509709801996,0.0018072842568559089,periodic_diagonal_augmented_control,FAIL,FAIL,False,control_reversal,periodic_diagonal_augmented_control equals or beats target|seed count below configured PASS minimum
leave_one_out,d_spec,d_inv|d_struct|d_causal|d_time|d_addr,all_negative_controls,0.16478106128242434,0.0002881017093685911,0.295502287832182,0.016190875314211303,periodic_diagonal_augmented_control,FAIL,FAIL,False,control_reversal,periodic_diagonal_augmented_control equals or beats target|seed count below configured PASS minimum
single_component,d_causal,d_causal,focus_controls,0.0,0.0,0.040055656248614124,0.004427677008091283,randomized_edge_control|shuffled_structure_control,FAIL,FAIL,False,single_component_reproduces_base_verdict|control_reversal,randomized_edge_control equals or beats target|shuffled_structure_control equals or beats target|seed count below configured PASS minimum
single_component,d_causal,d_causal,all_negative_controls,0.0,0.0,0.12103674943408176,0.016652844149786433,shuffled_structure_control|randomized_edge_control|label_permutation_control,FAIL,FAIL,False,single_component_reproduces_base_verdict|control_reversal,label_permutation_control equals or beats target|randomized_edge_control equals or beats target|shuffled_structure_control equals or beats target|seed count below configured PASS minimum
leave_one_out,d_causal,d_inv|d_struct|d_spec|d_time|d_addr,focus_controls,0.2516845559538868,0.00035683184497508437,0.19957980152619756,0.0021946884267285247,periodic_diagonal_augmented_control|randomized_edge_control|shuffled_structure_control,FAIL,FAIL,False,control_reversal,pooled controls equal or beat target|periodic_diagonal_augmented_control equals or beats target|randomized_edge_control equals or beats target|shuffled_structure_control equals or beats target|seed count below configured PASS minimum
leave_one_out,d_causal,d_inv|d_struct|d_spec|d_time|d_addr,all_negative_controls,0.2516845559538868,0.00035683184497508437,0.31942553418827535,0.024125247839766193,periodic_diagonal_augmented_control|shuffled_structure_control|randomized_edge_control,FAIL,FAIL,False,control_reversal,periodic_diagonal_augmented_control equals or beats target|randomized_edge_control equals or beats target|shuffled_structure_control equals or beats target|seed count below configured PASS minimum
single_component,d_time,d_time,focus_controls,0.16439910430839003,9.519674944011214e-05,0.15051020408163265,0.006791105161713836,periodic_diagonal_augmented_control,FAIL,FAIL,False,single_component_reproduces_base_verdict|control_reversal,pooled controls equal or beat target|periodic_diagonal_augmented_control equals or beats target|seed count below configured PASS minimum
single_component,d_time,d_time,all_negative_controls,0.16439910430839003,9.519674944011214e-05,0.26224988163763674,0.01306823433485596,periodic_diagonal_augmented_control,FAIL,FAIL,False,single_component_reproduces_base_verdict|control_reversal,periodic_diagonal_augmented_control equals or beats target|seed count below configured PASS minimum
leave_one_out,d_time,d_inv|d_struct|d_spec|d_causal|d_addr,focus_controls,0.2188047350922088,0.0003003253336884903,0.17748889195959386,0.0025465594170206145,periodic_diagonal_augmented_control|randomized_edge_control|shuffled_structure_control,FAIL,FAIL,False,control_reversal,pooled controls equal or beat target|periodic_diagonal_augmented_control equals or beats target|randomized_edge_control equals or beats target|shuffled_structure_control equals or beats target|seed count below configured PASS minimum
leave_one_out,d_time,d_inv|d_struct|d_spec|d_causal|d_addr,all_negative_controls,0.2188047350922088,0.0003003253336884903,0.2911829077475644,0.028011824324043335,periodic_diagonal_augmented_control|shuffled_structure_control|randomized_edge_control|label_permutation_control,FAIL,FAIL,False,control_reversal,label_permutation_control equals or beats target|periodic_diagonal_augmented_control equals or beats target|randomized_edge_control equals or beats target|shuffled_structure_control equals or beats target|seed count below configured PASS minimum
single_component,d_addr,d_addr,focus_controls,0.0,0.0,0.3055555555555556,0.015432098765432094,,OPEN,FAIL,True,,seed count below configured PASS minimum
single_component,d_addr,d_addr,all_negative_controls,0.0,0.0,0.3958333333333333,0.016493055555555552,,OPEN,FAIL,True,,seed count below configured PASS minimum
leave_one_out,d_addr,d_inv|d_struct|d_spec|d_causal|d_time,focus_controls,0.2516845559538868,0.00035683184497508437,0.14647982166480927,0.002869987292464642,periodic_diagonal_augmented_control|randomized_edge_control|shuffled_structure_control,FAIL,FAIL,False,control_reversal,pooled controls equal or beat target|periodic_diagonal_augmented_control equals or beats target|randomized_edge_control equals or beats target|shuffled_structure_control equals or beats target|seed count below configured PASS minimum
leave_one_out,d_addr,d_inv|d_struct|d_spec|d_causal|d_time,all_negative_controls,0.2516845559538868,0.00035683184497508437,0.264466217408425,0.02910455548665205,periodic_diagonal_augmented_control|shuffled_structure_control|randomized_edge_control|label_permutation_control,FAIL,FAIL,False,control_reversal,label_permutation_control equals or beats target|periodic_diagonal_augmented_control equals or beats target|randomized_edge_control equals or beats target|shuffled_structure_control equals or beats target|seed count below configured PASS minimum
