source_file,sheet_name,trace_id,distance_um,thickness_nm,time_ps,computed_target_band_intensity,normalized_intensity
outputs/raw/Source data Fig.2.xlsx,Fig.2a,Source_data_Fig.2_Fig.2a_dR_R_0um,0,224,4.71116,1656.730785,1
outputs/raw/Source data Fig.2.xlsx,Fig.2a,Source_data_Fig.2_Fig.2a_dR_R_0um,0,224,9.71116,848.9964834,0.5124528928
outputs/raw/Source data Fig.2.xlsx,Fig.2a,Source_data_Fig.2_Fig.2a_dR_R_0um,0,224,14.71116,610.1917927,0.368310771
outputs/raw/Source data Fig.2.xlsx,Fig.2a,Source_data_Fig.2_Fig.2a_dR_R_0um,0,224,19.71116,391.3142418,0.2361966382
outputs/raw/Source data Fig.2.xlsx,Fig.2a,Source_data_Fig.2_Fig.2a_dR_R_0um,0,224,24.71116,261.3779657,0.1577673139
outputs/raw/Source data Fig.2.xlsx,Fig.2a,Source_data_Fig.2_Fig.2a_dR_R_0um,0,224,29.71116,246.2722962,0.1486495564
outputs/raw/Source data Fig.2.xlsx,Fig.2a,Source_data_Fig.2_Fig.2a_dR_R_0um,0,224,34.71116,144.5493002,0.08724972189
outputs/raw/Source data Fig.2.xlsx,Fig.2a,Source_data_Fig.2_Fig.2a_dR_R_0um,0,224,39.71116,147.2167268,0.08885977621
outputs/raw/Source data Fig.2.xlsx,Fig.2a,Source_data_Fig.2_Fig.2a_dR_R_0um,0,224,44.71116,109.506721,0.06609807821
outputs/raw/Source data Fig.2.xlsx,Fig.2a,Source_data_Fig.2_Fig.2a_dR_R_0um,0,224,49.71116,85.0013295,0.05130666387
outputs/raw/Source data Fig.2.xlsx,Fig.2a,Source_data_Fig.2_Fig.2a_dR_R_0um,0,224,54.71116,97.49899515,0.05885023447
outputs/raw/Source data Fig.2.xlsx,Fig.2a,Source_data_Fig.2_Fig.2a_dR_R_0um,0,224,59.71116,60.05205058,0.0362473198
outputs/raw/Source data Fig.2.xlsx,Fig.2a,Source_data_Fig.2_Fig.2a_dR_R_0um,0,224,64.71116,66.08369631,0.03988801133
outputs/raw/Source data Fig.2.xlsx,Fig.2a,Source_data_Fig.2_Fig.2a_dR_R_0um,0,224,69.71116,52.36080291,0.03160489525
outputs/raw/Source data Fig.2.xlsx,Fig.2a,Source_data_Fig.2_Fig.2a_dR_R_0um,0,224,74.71116,40.92008673,0.02469929762
outputs/raw/Source data Fig.2.xlsx,Fig.2a,Source_data_Fig.2_Fig.2a_dR_R_0um,0,224,79.71116,45.09581297,0.02721975917
outputs/raw/Source data Fig.2.xlsx,Fig.2a,Source_data_Fig.2_Fig.2a_dR_R_0um,0,224,84.71116,32.38995961,0.0195505268
outputs/raw/Source data Fig.2.xlsx,Fig.2a,Source_data_Fig.2_Fig.2a_dR_R_0um,0,224,89.71116,36.73860498,0.02217536205
outputs/raw/Source data Fig.2.xlsx,Fig.2a,Source_data_Fig.2_Fig.2a_dR_R_0um,0,224,94.71116,28.57105541,0.01724544245
outputs/raw/Source data Fig.2.xlsx,Fig.2a,Source_data_Fig.2_Fig.2a_dR_R_0um,0,224,99.71116,23.32870468,0.0140811681
outputs/raw/Source data Fig.2.xlsx,Fig.2a,Source_data_Fig.2_Fig.2a_dR_R_0um,0,224,104.71116,25.74331576,0.01553862341
outputs/raw/Source data Fig.2.xlsx,Fig.2a,Source_data_Fig.2_Fig.2a_dR_R_0um,0,224,109.71116,18.94087645,0.01143268214
outputs/raw/Source data Fig.2.xlsx,Fig.2a,Source_data_Fig.2_Fig.2a_dR_R_0um,0,224,114.71116,20.08533396,0.01212347482
outputs/raw/Source data Fig.2.xlsx,Fig.2a,Source_data_Fig.2_Fig.2a_dR_R_0um,0,224,119.71116,17.24218113,0.01040735241
outputs/raw/Source data Fig.2.xlsx,Fig.2a,Source_data_Fig.2_Fig.2a_dR_R_0um,0,224,124.71116,15.11052157,0.009120686176
outputs/raw/Source data Fig.2.xlsx,Fig.2a,Source_data_Fig.2_Fig.2a_dR_R_0um,0,224,129.71116,16.48505872,0.009950354563
outputs/raw/Source data Fig.2.xlsx,Fig.2a,Source_data_Fig.2_Fig.2a_dR_R_0um,0,224,134.71116,12.47298118,0.007528671098
outputs/raw/Source data Fig.2.xlsx,Fig.2a,Source_data_Fig.2_Fig.2a_dR_R_2um,2,224,4.71116,365.621349,0.2019672367
outputs/raw/Source data Fig.2.xlsx,Fig.2a,Source_data_Fig.2_Fig.2a_dR_R_2um,2,224,9.71116,1028.618597,0.5682032961
outputs/raw/Source data Fig.2.xlsx,Fig.2a,Source_data_Fig.2_Fig.2a_dR_R_2um,2,224,14.71116,1647.268705,0.9099422378
outputs/raw/Source data Fig.2.xlsx,Fig.2a,Source_data_Fig.2_Fig.2a_dR_R_2um,2,224,19.71116,1810.300299,1
outputs/raw/Source data Fig.2.xlsx,Fig.2a,Source_data_Fig.2_Fig.2a_dR_R_2um,2,224,24.71116,1455.982368,0.8042767096
outputs/raw/Source data Fig.2.xlsx,Fig.2a,Source_data_Fig.2_Fig.2a_dR_R_2um,2,224,29.71116,1160.928938,0.6412908061
outputs/raw/Source data Fig.2.xlsx,Fig.2a,Source_data_Fig.2_Fig.2a_dR_R_2um,2,224,34.71116,986.5508182,0.5449652849
outputs/raw/Source data Fig.2.xlsx,Fig.2a,Source_data_Fig.2_Fig.2a_dR_R_2um,2,224,39.71116,752.0323612,0.4154185698
outputs/raw/Source data Fig.2.xlsx,Fig.2a,Source_data_Fig.2_Fig.2a_dR_R_2um,2,224,44.71116,673.4858092,0.3720298834
outputs/raw/Source data Fig.2.xlsx,Fig.2a,Source_data_Fig.2_Fig.2a_dR_R_2um,2,224,49.71116,519.8885048,0.2871835712
outputs/raw/Source data Fig.2.xlsx,Fig.2a,Source_data_Fig.2_Fig.2a_dR_R_2um,2,224,54.71116,436.4991279,0.2411197347
outputs/raw/Source data Fig.2.xlsx,Fig.2a,Source_data_Fig.2_Fig.2a_dR_R_2um,2,224,59.71116,382.5621709,0.2113252542
outputs/raw/Source data Fig.2.xlsx,Fig.2a,Source_data_Fig.2_Fig.2a_dR_R_2um,2,224,64.71116,312.5014335,0.1726240854
outputs/raw/Source data Fig.2.xlsx,Fig.2a,Source_data_Fig.2_Fig.2a_dR_R_2um,2,224,69.71116,295.8317205,0.163415827
outputs/raw/Source data Fig.2.xlsx,Fig.2a,Source_data_Fig.2_Fig.2a_dR_R_2um,2,224,74.71116,244.8740625,0.135267095
outputs/raw/Source data Fig.2.xlsx,Fig.2a,Source_data_Fig.2_Fig.2a_dR_R_2um,2,224,79.71116,210.5893652,0.1163284154
outputs/raw/Source data Fig.2.xlsx,Fig.2a,Source_data_Fig.2_Fig.2a_dR_R_2um,2,224,84.71116,178.2688128,0.09847471875
outputs/raw/Source data Fig.2.xlsx,Fig.2a,Source_data_Fig.2_Fig.2a_dR_R_2um,2,224,89.71116,161.7960876,0.08937527531
outputs/raw/Source data Fig.2.xlsx,Fig.2a,Source_data_Fig.2_Fig.2a_dR_R_2um,2,224,94.71116,149.6022581,0.08263947049
outputs/raw/Source data Fig.2.xlsx,Fig.2a,Source_data_Fig.2_Fig.2a_dR_R_2um,2,224,99.71116,129.7682499,0.07168327262
outputs/raw/Source data Fig.2.xlsx,Fig.2a,Source_data_Fig.2_Fig.2a_dR_R_2um,2,224,104.71116,127.0462153,0.07017963561
outputs/raw/Source data Fig.2.xlsx,Fig.2a,Source_data_Fig.2_Fig.2a_dR_R_2um,2,224,109.71116,105.384293,0.05821370801
outputs/raw/Source data Fig.2.xlsx,Fig.2a,Source_data_Fig.2_Fig.2a_dR_R_2um,2,224,114.71116,84.83384732,0.04686175402
outputs/raw/Source data Fig.2.xlsx,Fig.2a,Source_data_Fig.2_Fig.2a_dR_R_2um,2,224,119.71116,86.88364213,0.04799404948
outputs/raw/Source data Fig.2.xlsx,Fig.2a,Source_data_Fig.2_Fig.2a_dR_R_2um,2,224,124.71116,72.14767946,0.03985398417
outputs/raw/Source data Fig.2.xlsx,Fig.2a,Source_data_Fig.2_Fig.2a_dR_R_2um,2,224,129.71116,77.36645791,0.04273680889
outputs/raw/Source data Fig.2.xlsx,Fig.2a,Source_data_Fig.2_Fig.2a_dR_R_2um,2,224,134.71116,60.89105943,0.03363588873
outputs/raw/Source data Fig.2.xlsx,Fig.2a,Source_data_Fig.2_Fig.2a_dR_R_4um,4,224,4.71116,1.541368307,0.001046008235
outputs/raw/Source data Fig.2.xlsx,Fig.2a,Source_data_Fig.2_Fig.2a_dR_R_4um,4,224,9.71116,24.53067558,0.01664708464
outputs/raw/Source data Fig.2.xlsx,Fig.2a,Source_data_Fig.2_Fig.2a_dR_R_4um,4,224,14.71116,109.5538677,0.07434579213
outputs/raw/Source data Fig.2.xlsx,Fig.2a,Source_data_Fig.2_Fig.2a_dR_R_4um,4,224,19.71116,381.5271921,0.2589131896
outputs/raw/Source data Fig.2.xlsx,Fig.2a,Source_data_Fig.2_Fig.2a_dR_R_4um,4,224,24.71116,845.1738116,0.5735545248
outputs/raw/Source data Fig.2.xlsx,Fig.2a,Source_data_Fig.2_Fig.2a_dR_R_4um,4,224,29.71116,1327.905279,0.9011472801
outputs/raw/Source data Fig.2.xlsx,Fig.2a,Source_data_Fig.2_Fig.2a_dR_R_4um,4,224,34.71116,1473.571866,1
outputs/raw/Source data Fig.2.xlsx,Fig.2a,Source_data_Fig.2_Fig.2a_dR_R_4um,4,224,39.71116,1440.925023,0.9778450961
outputs/raw/Source data Fig.2.xlsx,Fig.2a,Source_data_Fig.2_Fig.2a_dR_R_4um,4,224,44.71116,1278.659174,0.8677277323
outputs/raw/Source data Fig.2.xlsx,Fig.2a,Source_data_Fig.2_Fig.2a_dR_R_4um,4,224,49.71116,1277.359186,0.8668455303
outputs/raw/Source data Fig.2.xlsx,Fig.2a,Source_data_Fig.2_Fig.2a_dR_R_4um,4,224,54.71116,1210.562452,0.8215157197
outputs/raw/Source data Fig.2.xlsx,Fig.2a,Source_data_Fig.2_Fig.2a_dR_R_4um,4,224,59.71116,1065.617445,0.7231526808
outputs/raw/Source data Fig.2.xlsx,Fig.2a,Source_data_Fig.2_Fig.2a_dR_R_4um,4,224,64.71116,955.9667532,0.6487411812
outputs/raw/Source data Fig.2.xlsx,Fig.2a,Source_data_Fig.2_Fig.2a_dR_R_4um,4,224,69.71116,880.7672977,0.5977090889
outputs/raw/Source data Fig.2.xlsx,Fig.2a,Source_data_Fig.2_Fig.2a_dR_R_4um,4,224,74.71116,764.0608829,0.5185094126
outputs/raw/Source data Fig.2.xlsx,Fig.2a,Source_data_Fig.2_Fig.2a_dR_R_4um,4,224,79.71116,690.3519289,0.4684888091
outputs/raw/Source data Fig.2.xlsx,Fig.2a,Source_data_Fig.2_Fig.2a_dR_R_4um,4,224,84.71116,610.9547205,0.4146080245
outputs/raw/Source data Fig.2.xlsx,Fig.2a,Source_data_Fig.2_Fig.2a_dR_R_4um,4,224,89.71116,537.8536639,0.3649999543
outputs/raw/Source data Fig.2.xlsx,Fig.2a,Source_data_Fig.2_Fig.2a_dR_R_4um,4,224,94.71116,514.8899063,0.3494162165
outputs/raw/Source data Fig.2.xlsx,Fig.2a,Source_data_Fig.2_Fig.2a_dR_R_4um,4,224,99.71116,453.0481203,0.3074489481
outputs/raw/Source data Fig.2.xlsx,Fig.2a,Source_data_Fig.2_Fig.2a_dR_R_4um,4,224,104.71116,373.5658991,0.2535104718
outputs/raw/Source data Fig.2.xlsx,Fig.2a,Source_data_Fig.2_Fig.2a_dR_R_4um,4,224,109.71116,330.5205328,0.2242988892
outputs/raw/Source data Fig.2.xlsx,Fig.2a,Source_data_Fig.2_Fig.2a_dR_R_4um,4,224,114.71116,304.6731481,0.2067582553
outputs/raw/Source data Fig.2.xlsx,Fig.2a,Source_data_Fig.2_Fig.2a_dR_R_4um,4,224,119.71116,264.9629349,0.1798099848
outputs/raw/Source data Fig.2.xlsx,Fig.2a,Source_data_Fig.2_Fig.2a_dR_R_4um,4,224,124.71116,234.4033109,0.1590715161
outputs/raw/Source data Fig.2.xlsx,Fig.2a,Source_data_Fig.2_Fig.2a_dR_R_4um,4,224,129.71116,221.2743289,0.1501618848
outputs/raw/Source data Fig.2.xlsx,Fig.2a,Source_data_Fig.2_Fig.2a_dR_R_4um,4,224,134.71116,208.5487805,0.1415260329
outputs/raw/Source data Fig.2.xlsx,Fig.2a,Source_data_Fig.2_Fig.2a_dR_R_6um,6,224,4.71116,0.6244172917,0.0004956115166
outputs/raw/Source data Fig.2.xlsx,Fig.2a,Source_data_Fig.2_Fig.2a_dR_R_6um,6,224,9.71116,2.126025082,0.001687465305
outputs/raw/Source data Fig.2.xlsx,Fig.2a,Source_data_Fig.2_Fig.2a_dR_R_6um,6,224,14.71116,1.318709604,0.001046684125
outputs/raw/Source data Fig.2.xlsx,Fig.2a,Source_data_Fig.2_Fig.2a_dR_R_6um,6,224,19.71116,9.888639694,0.007848795639
outputs/raw/Source data Fig.2.xlsx,Fig.2a,Source_data_Fig.2_Fig.2a_dR_R_6um,6,224,24.71116,41.4445434,0.0328952982
outputs/raw/Source data Fig.2.xlsx,Fig.2a,Source_data_Fig.2_Fig.2a_dR_R_6um,6,224,29.71116,153.4774105,0.1218178503
outputs/raw/Source data Fig.2.xlsx,Fig.2a,Source_data_Fig.2_Fig.2a_dR_R_6um,6,224,34.71116,371.0844294,0.2945365532
outputs/raw/Source data Fig.2.xlsx,Fig.2a,Source_data_Fig.2_Fig.2a_dR_R_6um,6,224,39.71116,766.9583736,0.6087490013
outputs/raw/Source data Fig.2.xlsx,Fig.2a,Source_data_Fig.2_Fig.2a_dR_R_6um,6,224,44.71116,1020.00787,0.8095990521
outputs/raw/Source data Fig.2.xlsx,Fig.2a,Source_data_Fig.2_Fig.2a_dR_R_6um,6,224,49.71116,1259.892619,1
outputs/raw/Source data Fig.2.xlsx,Fig.2a,Source_data_Fig.2_Fig.2a_dR_R_6um,6,224,54.71116,1143.859307,0.907902221
outputs/raw/Source data Fig.2.xlsx,Fig.2a,Source_data_Fig.2_Fig.2a_dR_R_6um,6,224,59.71116,1085.857267,0.8618649326
outputs/raw/Source data Fig.2.xlsx,Fig.2a,Source_data_Fig.2_Fig.2a_dR_R_6um,6,224,64.71116,1175.633357,0.9331218704
outputs/raw/Source data Fig.2.xlsx,Fig.2a,Source_data_Fig.2_Fig.2a_dR_R_6um,6,224,69.71116,1189.27721,0.9439512479
outputs/raw/Source data Fig.2.xlsx,Fig.2a,Source_data_Fig.2_Fig.2a_dR_R_6um,6,224,74.71116,1188.805071,0.9435765021
outputs/raw/Source data Fig.2.xlsx,Fig.2a,Source_data_Fig.2_Fig.2a_dR_R_6um,6,224,79.71116,1080.702752,0.8577736991
outputs/raw/Source data Fig.2.xlsx,Fig.2a,Source_data_Fig.2_Fig.2a_dR_R_6um,6,224,84.71116,1118.631879,0.8878787462
outputs/raw/Source data Fig.2.xlsx,Fig.2a,Source_data_Fig.2_Fig.2a_dR_R_6um,6,224,89.71116,1061.009928,0.8421431415
outputs/raw/Source data Fig.2.xlsx,Fig.2a,Source_data_Fig.2_Fig.2a_dR_R_6um,6,224,94.71116,1039.49697,0.8250679103
outputs/raw/Source data Fig.2.xlsx,Fig.2a,Source_data_Fig.2_Fig.2a_dR_R_6um,6,224,99.71116,916.360551,0.727332264
outputs/raw/Source data Fig.2.xlsx,Fig.2a,Source_data_Fig.2_Fig.2a_dR_R_6um,6,224,104.71116,859.8453812,0.6824751318
outputs/raw/Source data Fig.2.xlsx,Fig.2a,Source_data_Fig.2_Fig.2a_dR_R_6um,6,224,109.71116,713.0376255,0.5659511094
outputs/raw/Source data Fig.2.xlsx,Fig.2a,Source_data_Fig.2_Fig.2a_dR_R_6um,6,224,114.71116,716.3804992,0.5686044099
outputs/raw/Source data Fig.2.xlsx,Fig.2a,Source_data_Fig.2_Fig.2a_dR_R_6um,6,224,119.71116,596.0225558,0.4730740913
outputs/raw/Source data Fig.2.xlsx,Fig.2a,Source_data_Fig.2_Fig.2a_dR_R_6um,6,224,124.71116,580.4912624,0.4607466173
outputs/raw/Source data Fig.2.xlsx,Fig.2a,Source_data_Fig.2_Fig.2a_dR_R_6um,6,224,129.71116,517.3814425,0.4106551897
outputs/raw/Source data Fig.2.xlsx,Fig.2a,Source_data_Fig.2_Fig.2a_dR_R_6um,6,224,134.71116,506.5895223,0.4020894437
outputs/raw/Source data Fig.2.xlsx,Fig.2b,Source_data_Fig.2_Fig.2b_dR_R_0um,0,96,4.71116,2032.748316,1
outputs/raw/Source data Fig.2.xlsx,Fig.2b,Source_data_Fig.2_Fig.2b_dR_R_0um,0,96,9.71116,1352.826072,0.6655157753
outputs/raw/Source data Fig.2.xlsx,Fig.2b,Source_data_Fig.2_Fig.2b_dR_R_0um,0,96,14.71116,1201.593148,0.5911175223
outputs/raw/Source data Fig.2.xlsx,Fig.2b,Source_data_Fig.2_Fig.2b_dR_R_0um,0,96,19.71116,822.3678581,0.4045596061
outputs/raw/Source data Fig.2.xlsx,Fig.2b,Source_data_Fig.2_Fig.2b_dR_R_0um,0,96,24.71116,568.6340801,0.2797365889
outputs/raw/Source data Fig.2.xlsx,Fig.2b,Source_data_Fig.2_Fig.2b_dR_R_0um,0,96,29.71116,470.8152734,0.2316151339
outputs/raw/Source data Fig.2.xlsx,Fig.2b,Source_data_Fig.2_Fig.2b_dR_R_0um,0,96,34.71116,318.3356678,0.1566035821
outputs/raw/Source data Fig.2.xlsx,Fig.2b,Source_data_Fig.2_Fig.2b_dR_R_0um,0,96,39.71116,271.4594896,0.1335430892
outputs/raw/Source data Fig.2.xlsx,Fig.2b,Source_data_Fig.2_Fig.2b_dR_R_0um,0,96,44.71116,207.2519225,0.1019565092
outputs/raw/Source data Fig.2.xlsx,Fig.2b,Source_data_Fig.2_Fig.2b_dR_R_0um,0,96,49.71116,148.9092215,0.07325511985
outputs/raw/Source data Fig.2.xlsx,Fig.2b,Source_data_Fig.2_Fig.2b_dR_R_0um,0,96,54.71116,127.7271557,0.06283471233
outputs/raw/Source data Fig.2.xlsx,Fig.2b,Source_data_Fig.2_Fig.2b_dR_R_0um,0,96,59.71116,102.4152049,0.05038262932
outputs/raw/Source data Fig.2.xlsx,Fig.2b,Source_data_Fig.2_Fig.2b_dR_R_0um,0,96,64.71116,101.6720413,0.05001703382
outputs/raw/Source data Fig.2.xlsx,Fig.2b,Source_data_Fig.2_Fig.2b_dR_R_0um,0,96,69.71116,79.99726031,0.03935423765
outputs/raw/Source data Fig.2.xlsx,Fig.2b,Source_data_Fig.2_Fig.2b_dR_R_0um,0,96,74.71116,68.45393407,0.03367555812
outputs/raw/Source data Fig.2.xlsx,Fig.2b,Source_data_Fig.2_Fig.2b_dR_R_0um,0,96,79.71116,58.20829729,0.0286352702
outputs/raw/Source data Fig.2.xlsx,Fig.2b,Source_data_Fig.2_Fig.2b_dR_R_0um,0,96,84.71116,48.14687477,0.02368560554
outputs/raw/Source data Fig.2.xlsx,Fig.2b,Source_data_Fig.2_Fig.2b_dR_R_0um,0,96,89.71116,40.89171602,0.02011646779
outputs/raw/Source data Fig.2.xlsx,Fig.2b,Source_data_Fig.2_Fig.2b_dR_R_0um,0,96,94.71116,34.01126215,0.01673166416
outputs/raw/Source data Fig.2.xlsx,Fig.2b,Source_data_Fig.2_Fig.2b_dR_R_0um,0,96,99.71116,27.18422085,0.01337313657
outputs/raw/Source data Fig.2.xlsx,Fig.2b,Source_data_Fig.2_Fig.2b_dR_R_0um,0,96,104.71116,25.52925837,0.01255898636
outputs/raw/Source data Fig.2.xlsx,Fig.2b,Source_data_Fig.2_Fig.2b_dR_R_0um,0,96,109.71116,22.37439408,0.01100696722
outputs/raw/Source data Fig.2.xlsx,Fig.2b,Source_data_Fig.2_Fig.2b_dR_R_0um,0,96,114.71116,22.28128727,0.01096116381
outputs/raw/Source data Fig.2.xlsx,Fig.2b,Source_data_Fig.2_Fig.2b_dR_R_0um,0,96,119.71116,17.45000433,0.008584439198
outputs/raw/Source data Fig.2.xlsx,Fig.2b,Source_data_Fig.2_Fig.2b_dR_R_0um,0,96,124.71116,15.05795644,0.007407683637
outputs/raw/Source data Fig.2.xlsx,Fig.2b,Source_data_Fig.2_Fig.2b_dR_R_0um,0,96,129.71116,12.98064646,0.006385761759
outputs/raw/Source data Fig.2.xlsx,Fig.2b,Source_data_Fig.2_Fig.2b_dR_R_0um,0,96,134.71116,13.33205429,0.006558635019
outputs/raw/Source data Fig.2.xlsx,Fig.2b,Source_data_Fig.2_Fig.2b_dR_R_2um,2,96,4.71116,138.4726678,0.08782584943
outputs/raw/Source data Fig.2.xlsx,Fig.2b,Source_data_Fig.2_Fig.2b_dR_R_2um,2,96,9.71116,387.256496,0.2456162018
outputs/raw/Source data Fig.2.xlsx,Fig.2b,Source_data_Fig.2_Fig.2b_dR_R_2um,2,96,14.71116,835.081109,0.5296475392
outputs/raw/Source data Fig.2.xlsx,Fig.2b,Source_data_Fig.2_Fig.2b_dR_R_2um,2,96,19.71116,1189.057459,0.754155914
outputs/raw/Source data Fig.2.xlsx,Fig.2b,Source_data_Fig.2_Fig.2b_dR_R_2um,2,96,24.71116,1392.130791,0.8829545293
outputs/raw/Source data Fig.2.xlsx,Fig.2b,Source_data_Fig.2_Fig.2b_dR_R_2um,2,96,29.71116,1576.673254,1
outputs/raw/Source data Fig.2.xlsx,Fig.2b,Source_data_Fig.2_Fig.2b_dR_R_2um,2,96,34.71116,1419.272738,0.9001692234
outputs/raw/Source data Fig.2.xlsx,Fig.2b,Source_data_Fig.2_Fig.2b_dR_R_2um,2,96,39.71116,1318.55638,0.836290193
outputs/raw/Source data Fig.2.xlsx,Fig.2b,Source_data_Fig.2_Fig.2b_dR_R_2um,2,96,44.71116,1056.886797,0.6703270917
outputs/raw/Source data Fig.2.xlsx,Fig.2b,Source_data_Fig.2_Fig.2b_dR_R_2um,2,96,49.71116,719.0858289,0.4560779015
outputs/raw/Source data Fig.2.xlsx,Fig.2b,Source_data_Fig.2_Fig.2b_dR_R_2um,2,96,54.71116,612.3751456,0.3883969898
outputs/raw/Source data Fig.2.xlsx,Fig.2b,Source_data_Fig.2_Fig.2b_dR_R_2um,2,96,59.71116,578.6515171,0.3670078855
outputs/raw/Source data Fig.2.xlsx,Fig.2b,Source_data_Fig.2_Fig.2b_dR_R_2um,2,96,64.71116,468.6158408,0.2972181076
outputs/raw/Source data Fig.2.xlsx,Fig.2b,Source_data_Fig.2_Fig.2b_dR_R_2um,2,96,69.71116,469.4284955,0.2977335312
outputs/raw/Source data Fig.2.xlsx,Fig.2b,Source_data_Fig.2_Fig.2b_dR_R_2um,2,96,74.71116,402.8582909,0.2555115906
outputs/raw/Source data Fig.2.xlsx,Fig.2b,Source_data_Fig.2_Fig.2b_dR_R_2um,2,96,79.71116,352.2696967,0.2234259355
outputs/raw/Source data Fig.2.xlsx,Fig.2b,Source_data_Fig.2_Fig.2b_dR_R_2um,2,96,84.71116,308.0028795,0.1953498474
outputs/raw/Source data Fig.2.xlsx,Fig.2b,Source_data_Fig.2_Fig.2b_dR_R_2um,2,96,89.71116,229.598739,0.1456222705
outputs/raw/Source data Fig.2.xlsx,Fig.2b,Source_data_Fig.2_Fig.2b_dR_R_2um,2,96,94.71116,246.0753717,0.1560725224
outputs/raw/Source data Fig.2.xlsx,Fig.2b,Source_data_Fig.2_Fig.2b_dR_R_2um,2,96,99.71116,173.5155986,0.1100517169
outputs/raw/Source data Fig.2.xlsx,Fig.2b,Source_data_Fig.2_Fig.2b_dR_R_2um,2,96,104.71116,139.6860551,0.08859543649
outputs/raw/Source data Fig.2.xlsx,Fig.2b,Source_data_Fig.2_Fig.2b_dR_R_2um,2,96,109.71116,138.8122306,0.08804121609
outputs/raw/Source data Fig.2.xlsx,Fig.2b,Source_data_Fig.2_Fig.2b_dR_R_2um,2,96,114.71116,116.1368048,0.07365939934
outputs/raw/Source data Fig.2.xlsx,Fig.2b,Source_data_Fig.2_Fig.2b_dR_R_2um,2,96,119.71116,102.3007375,0.06488391762
outputs/raw/Source data Fig.2.xlsx,Fig.2b,Source_data_Fig.2_Fig.2b_dR_R_2um,2,96,124.71116,77.76976949,0.04932522912
outputs/raw/Source data Fig.2.xlsx,Fig.2b,Source_data_Fig.2_Fig.2b_dR_R_2um,2,96,129.71116,77.26124423,0.04900269859
outputs/raw/Source data Fig.2.xlsx,Fig.2b,Source_data_Fig.2_Fig.2b_dR_R_2um,2,96,134.71116,55.86806787,0.03543414448
outputs/raw/Source data Fig.2.xlsx,Fig.2b,Source_data_Fig.2_Fig.2b_dR_R_4um,4,96,4.71116,0.5335501366,0.0006646313835
outputs/raw/Source data Fig.2.xlsx,Fig.2b,Source_data_Fig.2_Fig.2b_dR_R_4um,4,96,9.71116,0.7055786181,0.0008789233867
outputs/raw/Source data Fig.2.xlsx,Fig.2b,Source_data_Fig.2_Fig.2b_dR_R_4um,4,96,14.71116,0.2539027369,0.0003162809186
outputs/raw/Source data Fig.2.xlsx,Fig.2b,Source_data_Fig.2_Fig.2b_dR_R_4um,4,96,19.71116,2.812045625,0.003502901875
outputs/raw/Source data Fig.2.xlsx,Fig.2b,Source_data_Fig.2_Fig.2b_dR_R_4um,4,96,24.71116,29.80381627,0.03712594241
outputs/raw/Source data Fig.2.xlsx,Fig.2b,Source_data_Fig.2_Fig.2b_dR_R_4um,4,96,29.71116,91.93624042,0.1145229032
outputs/raw/Source data Fig.2.xlsx,Fig.2b,Source_data_Fig.2_Fig.2b_dR_R_4um,4,96,34.71116,169.3130703,0.2109094768
outputs/raw/Source data Fig.2.xlsx,Fig.2b,Source_data_Fig.2_Fig.2b_dR_R_4um,4,96,39.71116,299.8609227,0.373529995
outputs/raw/Source data Fig.2.xlsx,Fig.2b,Source_data_Fig.2_Fig.2b_dR_R_4um,4,96,44.71116,458.9315249,0.5716806601
outputs/raw/Source data Fig.2.xlsx,Fig.2b,Source_data_Fig.2_Fig.2b_dR_R_4um,4,96,49.71116,691.3019783,0.8611392983
outputs/raw/Source data Fig.2.xlsx,Fig.2b,Source_data_Fig.2_Fig.2b_dR_R_4um,4,96,54.71116,802.6169401,0.9998018381
outputs/raw/Source data Fig.2.xlsx,Fig.2b,Source_data_Fig.2_Fig.2b_dR_R_4um,4,96,59.71116,802.7760197,1
outputs/raw/Source data Fig.2.xlsx,Fig.2b,Source_data_Fig.2_Fig.2b_dR_R_4um,4,96,64.71116,772.011297,0.961677078
outputs/raw/Source data Fig.2.xlsx,Fig.2b,Source_data_Fig.2_Fig.2b_dR_R_4um,4,96,69.71116,710.3815232,0.8849062575
outputs/raw/Source data Fig.2.xlsx,Fig.2b,Source_data_Fig.2_Fig.2b_dR_R_4um,4,96,74.71116,699.0304471,0.8707664777
outputs/raw/Source data Fig.2.xlsx,Fig.2b,Source_data_Fig.2_Fig.2b_dR_R_4um,4,96,79.71116,592.1168677,0.7375866408
outputs/raw/Source data Fig.2.xlsx,Fig.2b,Source_data_Fig.2_Fig.2b_dR_R_4um,4,96,84.71116,519.6481032,0.6473139336
outputs/raw/Source data Fig.2.xlsx,Fig.2b,Source_data_Fig.2_Fig.2b_dR_R_4um,4,96,89.71116,495.7752798,0.6175760955
outputs/raw/Source data Fig.2.xlsx,Fig.2b,Source_data_Fig.2_Fig.2b_dR_R_4um,4,96,94.71116,437.9550885,0.5455507859
outputs/raw/Source data Fig.2.xlsx,Fig.2b,Source_data_Fig.2_Fig.2b_dR_R_4um,4,96,99.71116,321.7661341,0.4008168233
outputs/raw/Source data Fig.2.xlsx,Fig.2b,Source_data_Fig.2_Fig.2b_dR_R_4um,4,96,104.71116,324.6289852,0.4043830125
outputs/raw/Source data Fig.2.xlsx,Fig.2b,Source_data_Fig.2_Fig.2b_dR_R_4um,4,96,109.71116,275.102411,0.3426888749
outputs/raw/Source data Fig.2.xlsx,Fig.2b,Source_data_Fig.2_Fig.2b_dR_R_4um,4,96,114.71116,254.699217,0.3172730758
outputs/raw/Source data Fig.2.xlsx,Fig.2b,Source_data_Fig.2_Fig.2b_dR_R_4um,4,96,119.71116,252.6350825,0.31470183
outputs/raw/Source data Fig.2.xlsx,Fig.2b,Source_data_Fig.2_Fig.2b_dR_R_4um,4,96,124.71116,233.5169918,0.2908868552
outputs/raw/Source data Fig.2.xlsx,Fig.2b,Source_data_Fig.2_Fig.2b_dR_R_4um,4,96,129.71116,218.1186804,0.2717055256
outputs/raw/Source data Fig.2.xlsx,Fig.2b,Source_data_Fig.2_Fig.2b_dR_R_4um,4,96,134.71116,230.0559968,0.2865755717
outputs/raw/Source data Fig.2.xlsx,Fig.2b,Source_data_Fig.2_Fig.2b_dR_R_6um,6,96,4.71116,0.1016498028,0.0002046905975
outputs/raw/Source data Fig.2.xlsx,Fig.2b,Source_data_Fig.2_Fig.2b_dR_R_6um,6,96,9.71116,7.515079199,0.01513299593
outputs/raw/Source data Fig.2.xlsx,Fig.2b,Source_data_Fig.2_Fig.2b_dR_R_6um,6,96,14.71116,0.8769804087,0.001765961556
outputs/raw/Source data Fig.2.xlsx,Fig.2b,Source_data_Fig.2_Fig.2b_dR_R_6um,6,96,19.71116,2.951632022,0.005943654643
outputs/raw/Source data Fig.2.xlsx,Fig.2b,Source_data_Fig.2_Fig.2b_dR_R_6um,6,96,24.71116,2.012296341,0.004052129264
outputs/raw/Source data Fig.2.xlsx,Fig.2b,Source_data_Fig.2_Fig.2b_dR_R_6um,6,96,29.71116,5.056468966,0.01018213145
outputs/raw/Source data Fig.2.xlsx,Fig.2b,Source_data_Fig.2_Fig.2b_dR_R_6um,6,96,34.71116,1.732215761,0.003488135437
outputs/raw/Source data Fig.2.xlsx,Fig.2b,Source_data_Fig.2_Fig.2b_dR_R_6um,6,96,39.71116,7.192440521,0.01448330353
outputs/raw/Source data Fig.2.xlsx,Fig.2b,Source_data_Fig.2_Fig.2b_dR_R_6um,6,96,44.71116,50.0000757,0.1006843603
outputs/raw/Source data Fig.2.xlsx,Fig.2b,Source_data_Fig.2_Fig.2b_dR_R_6um,6,96,49.71116,18.02059197,0.03628778056
outputs/raw/Source data Fig.2.xlsx,Fig.2b,Source_data_Fig.2_Fig.2b_dR_R_6um,6,96,54.71116,76.84618603,0.1547439474
outputs/raw/Source data Fig.2.xlsx,Fig.2b,Source_data_Fig.2_Fig.2b_dR_R_6um,6,96,59.71116,109.945715,0.2213959446
outputs/raw/Source data Fig.2.xlsx,Fig.2b,Source_data_Fig.2_Fig.2b_dR_R_6um,6,96,64.71116,176.2138206,0.3548389791
outputs/raw/Source data Fig.2.xlsx,Fig.2b,Source_data_Fig.2_Fig.2b_dR_R_6um,6,96,69.71116,268.2511237,0.5401730383
outputs/raw/Source data Fig.2.xlsx,Fig.2b,Source_data_Fig.2_Fig.2b_dR_R_6um,6,96,74.71116,345.4699845,0.6956674348
outputs/raw/Source data Fig.2.xlsx,Fig.2b,Source_data_Fig.2_Fig.2b_dR_R_6um,6,96,79.71116,418.6781801,0.8430856186
outputs/raw/Source data Fig.2.xlsx,Fig.2b,Source_data_Fig.2_Fig.2b_dR_R_6um,6,96,84.71116,413.78331,0.8332288962
outputs/raw/Source data Fig.2.xlsx,Fig.2b,Source_data_Fig.2_Fig.2b_dR_R_6um,6,96,89.71116,496.6022085,1
outputs/raw/Source data Fig.2.xlsx,Fig.2b,Source_data_Fig.2_Fig.2b_dR_R_6um,6,96,94.71116,464.3533015,0.935060887
outputs/raw/Source data Fig.2.xlsx,Fig.2b,Source_data_Fig.2_Fig.2b_dR_R_6um,6,96,99.71116,464.4824484,0.935320948
outputs/raw/Source data Fig.2.xlsx,Fig.2b,Source_data_Fig.2_Fig.2b_dR_R_6um,6,96,104.71116,436.2350463,0.8784396018
outputs/raw/Source data Fig.2.xlsx,Fig.2b,Source_data_Fig.2_Fig.2b_dR_R_6um,6,96,109.71116,474.9421606,0.9563835047
outputs/raw/Source data Fig.2.xlsx,Fig.2b,Source_data_Fig.2_Fig.2b_dR_R_6um,6,96,114.71116,322.8263732,0.6500703535
outputs/raw/Source data Fig.2.xlsx,Fig.2b,Source_data_Fig.2_Fig.2b_dR_R_6um,6,96,119.71116,354.1913529,0.7132295163
outputs/raw/Source data Fig.2.xlsx,Fig.2b,Source_data_Fig.2_Fig.2b_dR_R_6um,6,96,124.71116,308.1287268,0.6204739357
outputs/raw/Source data Fig.2.xlsx,Fig.2b,Source_data_Fig.2_Fig.2b_dR_R_6um,6,96,129.71116,238.2188634,0.4796975513
outputs/raw/Source data Fig.2.xlsx,Fig.2b,Source_data_Fig.2_Fig.2b_dR_R_6um,6,96,134.71116,406.0508378,0.8176581394
